编码,名称,总价,单价,产权信息,建筑面积,户型结构,建筑类型,建筑结构,装修,梯户比,供暖,电梯,区域,具体区域,厅,厨,卫,楼层类型,总层数,东,南,西,北,东南,东北,西南,西北,室
0,马家堡角门南北通透两居室  双阳台 交通便利,399,52897,0,75.43,0,0,1,1,0.5,0,1,1,209,1,1,1,2,6,0,1,1,1,0,0,0,0,2
1,马家堡角门近地铁 南北通透 格局好 采光充足 配套齐全,416,60203,0,69.1,0,0,1,1,0.5,0,1,1,209,1,1,1,0,6,0,1,0,1,0,0,0,0,2
2,角门东里，满五唯一，诚心出售，看房方便,377,51202,1,73.63,0,1,0,0,0.25,0,0,1,209,1,1,1,2,19,0,0,0,1,1,0,0,0,2
3,角门 马家堡  角门东里  南向两居室角门东站,387,59723,0,64.8,0,1,0,0,0.25,0,0,1,209,1,1,1,1,19,0,1,0,0,0,0,0,0,2
4,马家堡角门 南北通透 低楼层满五唯一 两居室,305,56587,0,53.9,0,0,1,1,0.333333333,0,1,1,209,1,1,1,1,6,0,1,0,1,0,0,0,0,2
5,角门马家堡 满五唯一 地铁10号线4号线角门西站,330,60999,0,54.1,0,0,1,0,0.333333333,0,1,1,209,1,1,1,1,6,0,1,0,1,0,0,0,0,2
6,马家堡角门东司达小区三居室低楼层精装修,398,52286,0,76.12,0,0,1,0,0.333333333,0,1,1,209,1,1,1,1,6,0,1,0,1,0,0,0,0,3
7,阳光花园角门东马家堡大红门南北两居,680,75564,1,89.99,0,0,0,0,1,0,0,1,209,1,1,1,3,19,0,1,0,1,0,0,0,0,2
8,角门，马家堡，洋桥，满五年唯一正规二居室,403,57245,0,70.4,0,0,1,1,0.5,0,1,1,209,1,1,1,2,6,0,1,0,1,0,0,0,0,2
9,洋桥，马家堡，角门东里小区二居室,325,60063,0,54.11,0,0,1,1,0.5,0,1,1,209,1,1,1,2,6,0,1,0,1,0,0,0,0,2
10,角门西，地铁4号线10号线，高楼层，采光好,420,58766,0,71.47,0,1,0,1,0.166666667,0,0,1,209,1,1,1,0,18,0,1,0,0,0,0,0,0,2
11,10号线角门东怡然家园全南向两居室中楼层,500,57294,0,87.27,0,0,1,1,0.333333333,1,1,1,209,1,1,1,0,6,0,1,0,0,0,0,0,0,2
12,马家堡 首座绿洲 精装一居 满五唯一 双线地铁,365,58729,0,62.15,0,1,0,0,0.25,0,0,1,209,1,1,1,0,21,0,0,0,1,0,0,0,0,1
13,马家堡 角门 正规三居带客厅  商品房 无遮挡 采光好,470,55191,0,85.16,0,0,1,1,0.5,0,1,1,209,1,1,1,2,6,0,1,0,1,0,0,0,0,3
14,4号线、10号线双地铁  南北通透 满五年唯一 必看好房,375,50141,0,74.79,0,0,1,1,0.333333333,0,1,1,209,1,1,1,3,6,0,1,0,1,0,0,0,0,3
15,马家堡 角门 角门东里 高楼层精装修 满五年唯一,463,51076,1,90.65,0,1,0,0,0.25,0,0,1,209,1,1,1,2,19,0,0,0,1,0,0,1,0,3
16,10号线角门东怡然家园大三居南北通透商品房诚心卖,745,55689,0,133.78,0,0,0,1,0.5,1,0,1,209,1,1,2,0,16,0,1,0,1,0,0,0,0,3
17,马家堡角门此房满五年家庭名下唯一住房低楼层采光好。,418,61525,0,67.94,0,0,1,1,0.5,0,1,1,209,1,1,1,1,6,0,1,0,1,0,0,0,0,3
18,马家堡 角门 南北通透大三居 中间楼层 满五年唯一住房,750,56673,0,132.34,0,2,0,1,0.5,1,0,1,209,1,1,2,0,11,0,1,0,1,0,0,0,0,3
19,马家堡 大红门35号院 南北朝向 正规两居,240,36370,0,65.99,0,0,1,1,0.333333333,0,1,1,209,1,1,1,5,6,0,1,0,1,0,0,0,0,2
20,司达小区3居，南北通透，2层/6层,319,56005,0,56.96,0,0,1,1,0.333333333,0,1,1,209,1,1,1,1,6,1,1,0,1,0,0,0,0,3
21,10号线角门东怡然家园6号院带电梯商品房两居室诚心卖,316,58368,0,54.14,0,0,1,1,0.25,1,0,1,209,1,1,1,2,6,1,0,1,1,0,0,0,0,2
22,满五年，双地铁，4号线和10号线,259,44942,1,57.63,0,1,0,1,0.166666667,0,0,1,209,1,1,1,4,18,0,0,1,0,0,0,0,0,1
23,4+10号线角门西地铁，全南向两居室，无遮挡，采光好,510,56373,0,90.47,0,2,0,0,0.25,0,0,1,209,1,1,1,2,15,0,1,0,0,0,0,0,0,2
24,10号线角门东大红门35号院低楼层两居室商品房诚心售,360,53350,0,67.48,0,0,1,0,0.5,0,1,1,209,1,1,1,1,6,1,0,1,0,0,0,0,0,2
25,康缘居 南北通透 两居室 带电梯 楼龄新 房本满五年,455,50924,0,89.35,0,0,0,1,0.222222222,0,0,1,209,1,1,1,0,14,0,1,0,1,0,0,0,0,2
26,西马场路6号院 有钥匙商品房 诚意出售,570,50479,0,112.92,0,0,0,1,0.333333333,1,0,1,209,1,1,1,0,14,0,1,0,1,0,0,0,0,2
27,角门东里 满五唯一 诚心出售 10号线4号线角门西地铁,447,52601,0,84.98,0,1,0,0,0.166666667,0,0,1,209,1,1,1,0,18,0,0,0,0,0,1,0,0,2
28,马家堡角门 低楼层 西南两居 交通便利,310,60547,0,51.2,0,0,1,1,0.333333333,0,1,1,209,1,1,1,4,6,0,0,0,0,0,0,1,0,2
29,角门 洋桥 角门东里 满五 全明格局,335,56021,0,59.8,0,0,1,1,0.5,0,1,1,209,1,1,1,2,6,0,1,0,1,0,0,0,0,2
30,马家堡  角门  精装修  复式格局  南北通透  近地铁,460,69877,0,65.83,1,0,1,0,0.5,0,1,1,209,2,1,2,3,6,0,1,0,1,0,0,0,0,3
31,房子满五年唯一，精装修，近地铁，交通便利，楼龄新,608,60552,0,100.41,0,2,0,0,0.25,0,0,1,209,1,1,1,4,14,0,1,0,1,0,0,0,0,2
32,角门，阳光花园，人车分流，南北通透全明格局,1050,75698,0,138.71,0,0,0,1,1,0,0,1,209,1,1,2,2,19,0,1,0,1,0,0,0,0,3
33,角门甲4号院 精装修 南向采光无遮挡 近地铁10号线诚售,280,65011,0,43.07,0,0,1,0,0.333333333,0,1,1,209,1,1,1,0,6,0,1,0,0,0,0,0,0,1
34,马家堡商圈 角门东里 南北通透 满五年唯一 近10号线,329,62667,0,52.5,0,0,1,0,0.5,0,1,1,209,1,1,1,4,6,0,1,0,1,0,0,0,0,2
35,角门马家堡大红门精装复式怡然家园6号院,999,53142,1,187.99,1,2,0,0,0.5,1,0,1,209,2,1,2,3,11,0,1,0,1,0,0,0,0,3
36,大红门 西马场北里 南北通透两居室 满五唯一,339,62778,0,54,0,0,1,1,0.333333333,0,1,1,209,1,1,1,4,6,0,1,0,1,0,0,0,0,2
37,诚心出售 10号线角门东/4号线角门西地铁  角门东里,330,57292,0,57.6,0,0,1,1,0.333333333,0,1,1,209,1,1,1,1,6,0,1,0,1,0,0,0,0,2
38,洋桥 角门 马家堡 复式三居 满五唯一 南北通透近地铁,572,59858,0,95.56,1,0,1,0,0.5,0,1,1,209,2,1,2,3,6,0,1,0,1,0,0,0,0,3
39,马家堡 枫南世嘉 满五年，电梯，采光好，格局方正,580,56278,0,103.06,0,2,0,1,0.333333333,0,0,1,209,1,1,1,1,14,0,1,1,0,0,0,0,0,3
40,10号线马家堡角门东怡然家园满五唯一南北通透三居室,680,54188,0,125.49,0,0,0,0,0.5,1,0,1,209,1,1,2,4,11,0,1,0,1,0,0,0,0,3
41,精装修南北三居室，诚意出售，看房方便,458,55435,1,82.62,0,0,1,0,0.333333333,0,1,1,209,1,1,1,0,6,0,1,0,1,0,0,0,0,3
42,角门 西马小区  南北通透 正规三居 带客厅 采光充足,468,54956,0,85.16,0,0,1,0,0.5,0,1,1,209,1,1,1,2,6,0,1,0,1,0,0,0,0,3
43,角门甲4号院 南北低楼层 视野开阔,330,59643,0,55.33,0,0,1,1,0.333333333,0,1,1,209,1,1,1,1,6,0,1,0,1,0,0,0,0,2
44,怡然家园6号院精装修大客厅复式  无遮挡无浪费,645,55503,0,116.21,1,0,1,0,0.333333333,1,1,1,209,1,1,2,0,6,0,1,0,0,0,0,0,0,2
45,首座绿洲 南向 三居室 中间层 采光好,780,61423,0,126.99,0,1,0,0,0.25,0,0,1,209,1,1,2,0,21,0,1,0,0,0,0,0,0,3
46,满五唯一，电梯，公摊小，户型好,892,53986,0,165.23,1,0,1,1,0.333333333,1,1,1,209,3,1,2,2,7,0,1,0,1,0,0,0,0,4
47,马家堡 10号线角门东  正规两居室  南北通透 不临街,420,55748,0,75.34,0,0,1,1,0.333333333,1,1,1,209,1,1,1,3,6,0,1,0,1,0,0,0,0,2
48,司达小区，马家堡角门，不临街，满五唯一。,351,52950,0,66.29,0,0,1,1,0.25,0,1,1,209,1,1,1,0,6,0,1,0,1,0,0,0,0,2
49,马家堡 角门 角门东里 南北两居 值得一看,289,48490,0,59.6,0,0,1,2,0.5,0,1,1,209,1,1,1,3,6,0,1,0,1,0,0,0,0,2
50,南北通透无遮挡，采光好，视野佳，人车分流,685,78367,0,87.41,0,0,0,1,0.666666667,0,0,1,209,1,1,1,0,19,0,1,0,1,0,0,0,0,2
51,马家堡 角门 角门东里 大两居,410,55684,0,73.63,0,1,0,1,0.25,0,0,1,209,1,1,1,1,19,1,1,0,1,0,0,0,0,2
52,司达小区 全南向两居室 采光好,278,55050,0,50.5,0,0,1,0,0.333333333,0,1,1,209,1,1,1,3,6,0,1,0,0,0,0,0,0,2
53,马家堡，角门正规两居，东南角，中间层，精装修,320,62955,0,50.83,0,1,1,0,0.2,0,1,1,209,1,1,1,0,6,0,0,0,0,1,0,0,0,2
54,角门东马家堡大红门洋桥一居室，户型方正，采光好,298,51710,0,57.63,0,1,0,1,0.166666667,0,0,1,209,1,1,1,0,18,1,0,1,0,0,0,0,0,1
55,角门东里 正规南北通透三居 双地铁10号线和4号线,420,60958,0,68.9,0,0,1,0,0.5,0,1,1,209,1,1,1,1,6,0,1,0,1,0,0,0,0,3
56,此房是满五不唯一商品房，全朝南,420,62473,1,67.23,0,2,0,0,0.25,0,0,1,209,1,1,1,4,14,0,1,0,0,0,0,0,0,1
57,马家堡 角门精装修低楼层一居室,268,62038,0,43.2,0,0,1,0,0.333333333,0,1,1,209,1,1,1,1,6,1,0,0,0,0,0,0,0,1
58,10号线4号线双地铁 中间楼层 南向 采光好 诚意出售,318,69707,0,45.62,0,0,1,0,0.333333333,1,1,1,209,1,1,1,0,7,0,1,0,0,0,0,0,0,1
59,杏林园 正规一居室 南北通透 周边配套齐全,350,54594,0,64.11,0,1,0,1,0.166666667,0,0,1,209,1,1,1,2,18,0,1,0,1,0,0,0,0,1
60,角门甲8号院  满五年唯一 大一居室,368,51824,0,71.01,0,1,0,0,0.25,0,0,1,209,1,1,1,1,21,0,0,0,0,0,0,0,1,1
61,角门东里 2室1厅 南 北,313,54721,1,57.2,0,0,1,0,0.5,0,1,1,209,1,1,1,3,6,0,1,0,1,0,0,0,0,2
62,10号线马家堡角门东大红门35号院全南一居室满五唯一,275,54716,0,50.26,0,0,1,1,0.333333333,0,1,1,209,1,1,1,3,6,0,1,0,0,0,0,0,0,1
63,马家堡大红门角门10号线角门东地铁南北通透户型方正,655,58285,0,112.38,0,0,1,0,0.333333333,1,1,1,209,1,1,2,0,6,0,1,0,1,0,0,0,0,3
64,满5唯一   诚心出售   电梯房,375,48425,0,77.44,0,1,0,0,0.166666667,0,0,1,209,1,1,1,0,18,0,0,1,0,0,0,0,0,2
65,角门东里 正规三居室 南北通透 随时签约,390,50650,0,77,0,0,1,1,0.333333333,0,1,1,209,1,1,1,2,6,0,1,0,1,0,0,0,0,3
66,马家堡 洋桥 角门 低楼层 一居室 精装修,290,76924,0,37.7,0,0,1,0,0.333333333,0,1,1,209,1,1,1,4,6,0,1,0,0,0,0,0,0,2
67,角门东里，精装修，两居室，双地铁,405,52326,0,77.4,0,1,0,0,0.166666667,0,0,1,209,1,1,1,1,18,1,0,0,0,0,0,0,0,2
68,马家堡角门东里  南北通透低楼层  交通便利,410,61562,0,66.6,0,0,1,1,0.333333333,0,1,1,209,1,1,1,4,6,0,1,0,1,0,0,0,0,3
69,经理推荐角门东里南北向采光好两居室,297,52225,0,56.87,0,0,1,1,0.5,0,1,1,209,1,1,1,3,6,0,1,0,1,0,0,0,0,2
70,马家堡 大红门 两居室 2000年后配套齐全,465,58869,0,78.99,0,0,1,1,0.333333333,0,1,1,209,1,1,1,4,6,0,1,0,0,0,0,0,0,2
71,10号线角门东35号院四百多万小三居商品房诚心卖,438,50213,0,87.23,0,0,1,1,0.5,0,1,1,209,1,1,1,2,6,1,0,1,0,0,0,0,0,3
72,马家堡甲120号院 三居室 户型方正 南北通透,465,71254,0,65.26,0,0,1,1,0.5,0,1,1,209,1,1,1,4,6,0,1,0,1,0,0,0,0,3
73,马家堡角门两居室，近地铁，满五唯一,320,57338,0,55.81,0,0,1,0,0.333333333,0,1,1,209,1,1,1,3,6,0,1,0,1,0,0,0,0,2
74,马家堡角门全南向两居室满五唯一,275,54456,0,50.5,0,0,1,1,0.333333333,0,1,1,209,1,1,1,2,6,0,1,0,0,0,0,0,0,2
75,大红门35号院 南北通透 视野好 2001年板楼社区,435,54876,0,79.27,0,0,1,1,0.5,0,1,1,209,1,1,1,3,5,0,1,0,1,0,0,0,0,2
76,东向正规一居室 精装修 采光好,280,49392,1,56.69,0,1,0,0,0.142857143,0,0,1,209,1,1,1,1,18,1,0,0,0,0,0,0,0,1
77,角门路1号院 南北通透 采光亮,399,57818,0,69.01,0,0,1,1,0.5,0,1,1,209,1,1,1,0,6,0,1,0,1,0,0,0,0,3
78,马家堡商圈 南北通透两居室 大客厅 随时签约 诚售,450,50364,0,89.35,0,0,0,0,0.222222222,0,0,1,209,1,1,1,1,14,0,1,0,1,0,0,0,0,2
79,马家堡 角门 大红门正规两居室东西方正格局出售,338,54306,0,62.24,0,0,1,1,0.333333333,0,1,1,209,1,1,1,1,6,1,0,1,0,0,0,0,0,2
80,马家堡角门地铁10号线      两居,390,52968,0,73.63,0,1,1,1,0.25,0,0,1,209,1,1,1,1,19,0,1,0,0,0,0,0,1,2
81,两居室，精装修 角门东里小区 无遮挡,308,61898,0,49.76,0,0,1,1,0.333333333,0,1,1,209,1,1,1,3,6,0,1,0,0,0,0,1,0,2
82,正规2居室，业主诚心出售有电梯 4+10号线角门西站,452,57912,0,78.05,0,1,0,0,0.142857143,0,0,1,209,1,1,1,1,18,0,1,0,0,0,0,0,0,2
83,司达小区东南向两居室 满五年唯一,275,46297,0,59.4,0,0,1,1,0.2,0,1,1,209,1,1,1,3,6,0,0,0,0,1,0,0,0,2
84,马家堡角门 东西通透 近地铁 绿化好 物业好,299,54364,0,55,0,0,1,0,0.5,0,1,1,209,1,1,1,2,6,1,0,1,0,0,0,0,0,2
85,马家堡67号院，角门东地铁，正规一居。,295,52038,0,56.69,0,1,0,1,0.142857143,0,0,1,209,1,1,1,0,18,1,0,0,0,0,0,0,0,1
86,大红门35号院 精装修 南北通透三居室 板楼中间楼层,498,62321,0,79.91,0,0,1,0,0.333333333,0,1,1,209,1,1,1,0,6,0,1,0,1,0,0,0,0,3
87,马家堡角门2居室，精装修婚房，看房方便，近地铁。,338,52322,0,64.6,0,2,0,0,0.333333333,0,0,1,209,1,1,1,1,14,1,0,0,0,0,0,0,0,2
88,10号线角门东怡然家园上下复式四居室商品房诚心卖,899,54360,0,165.38,1,0,1,0,0.333333333,1,1,1,209,2,1,2,3,6,0,1,0,1,0,0,0,0,4
89,满5唯一  98年电梯房  诚心出售,455,53543,0,84.98,0,1,0,0,0.166666667,0,0,1,209,1,1,1,1,18,1,0,0,0,0,0,0,1,2
90,马家堡 枫南世嘉 电梯两居室无遮挡方正,430,57487,0,74.8,0,2,0,0,0.333333333,0,0,1,209,1,1,1,1,14,0,0,0,1,0,0,0,0,2
91,怡然家园6号院 角门东地铁站 地铁10号线,649,57700,1,112.48,0,0,1,1,0.333333333,1,1,1,209,1,1,2,0,7,0,1,0,1,0,0,0,0,3
92,马家堡67号院  朝东向 正规一居室 满五唯一,280,49392,0,56.69,0,1,0,1,0.142857143,0,0,1,209,1,1,1,0,18,1,0,0,0,0,0,0,0,1
93,角门 洋桥 角门东里 一居室 采光好,278,72661,0,38.26,0,0,1,0,0.333333333,0,1,1,209,1,1,1,0,6,0,0,0,0,0,0,1,0,1
94,角门东里 南北通透，采光充足，配套齐全，交通便利,383,55468,0,69.05,0,0,1,0,0.5,0,1,1,209,1,1,1,3,6,0,1,0,1,0,0,0,0,3
95,角门2号院南北通透 采光好 视野好,419,54522,0,76.85,0,2,0,1,1,0,0,1,209,1,1,1,0,14,0,1,0,1,0,0,0,0,2
96,南北通透视野宽阔采光充足，配套齐全西马小区满五唯一,287,55902,0,51.34,0,0,1,1,0.5,0,1,1,209,1,1,1,2,6,0,1,0,1,0,0,0,0,1
97,马家堡角门 商圈 司达小区10号线精装修两居室诚心出售,295,50428,1,58.5,0,0,1,0,0.5,0,1,1,209,1,1,1,3,6,0,1,0,1,0,0,0,0,2
98,正规一居室，户型方正，配套齐全交通便利,358,51975,0,68.88,0,2,0,1,0.25,0,0,1,209,1,1,1,1,14,1,0,0,1,0,0,0,0,1
99,10号线角门东地铁 司达小区 满五年一,335,56483,0,59.31,0,0,1,0,0.5,0,1,1,209,1,1,1,0,6,0,1,0,1,0,0,0,0,2
100,司达小区 东西通透两居室 诚意出售,275,45682,0,60.2,0,0,1,0,0.5,0,1,1,209,1,1,1,3,6,1,0,1,0,0,0,0,0,2
101,马家堡阳光花园中高楼层精装修两室,680,73809,0,92.13,0,0,0,0,1,0,0,1,209,1,1,1,0,19,0,1,0,1,0,0,0,0,2
102,地铁10号线角门东站，南北通透两居室，诚意出售,300,49060,0,61.15,0,0,1,1,0.5,0,1,1,209,1,1,1,3,6,0,1,0,1,0,0,0,0,2
103,角门东里 南北两居室 采光通风好,330,56219,1,58.7,0,0,1,0,0.5,0,1,1,209,1,1,1,3,6,0,1,0,1,0,0,0,0,2
104,马家堡，角门，洋桥，朝南精装两居室，交通便利,316,58956,0,53.6,0,0,1,0,0.333333333,0,1,1,209,1,1,1,2,6,1,1,0,0,0,0,0,0,2
105,马家堡 洋桥 角门东里 南北正规两居,315,55070,0,57.2,0,0,1,0,0.5,0,1,1,209,1,1,1,0,6,0,1,0,1,0,0,0,0,2
106,马家堡洋桥角门  杏林园 精装修两居室,450,59746,0,75.32,0,1,0,0,0.166666667,0,0,1,209,1,1,1,1,18,0,0,0,0,0,0,1,0,2
107,马家堡角门大红门两居室诚心出售,305,53322,0,57.2,0,0,1,0,0.5,0,1,1,209,1,1,1,0,6,0,1,0,1,0,0,0,0,2
108,洋桥 角门05年商品房两居室 满五唯一,499,57728,0,86.44,0,1,0,1,0.25,0,0,1,209,1,1,1,3,21,0,0,0,0,1,0,0,0,2
109,南三环外  首座绿洲   电梯一居正对小区花园,355,57370,0,61.88,0,1,0,0,0.25,0,0,1,209,1,1,1,1,21,0,0,0,1,0,0,0,0,1
110,地铁角门东站 司达小区 带电梯 两居室,360,55728,0,64.6,0,2,0,1,0.333333333,0,0,1,209,1,1,1,2,14,1,0,1,0,0,0,0,0,2
111,角门东里 满五唯一 10号线角门西/角门东地铁 诚心出售,345,59896,0,57.6,0,0,1,0,0.333333333,0,1,1,209,1,1,1,0,6,0,1,0,1,0,0,0,0,2
112,马家堡 角门  南北通透两居室  中间楼层 老少皆宜,536,64837,0,82.67,0,0,1,1,0.5,0,1,1,209,1,1,1,0,5,0,1,0,1,0,0,0,0,2
113,马家堡角门正规1居室，双地铁，满五年，配套齐全。,275,47719,0,57.63,0,1,0,0,0.166666667,0,0,1,209,1,1,1,4,18,1,0,0,0,0,0,0,0,1
114,大红门35号院满二年的商品房，无遮挡 看房方便,478,57480,0,83.16,0,0,1,0,0.333333333,0,1,1,209,1,1,1,1,6,0,1,0,1,0,0,0,0,2
115,必看好房10号线角门东地铁 复式格局 满五年唯一商品房,458,50137,0,91.35,1,0,1,0,0.333333333,1,1,1,209,1,1,2,2,7,0,1,0,0,0,0,0,0,2
116,马家堡 角门 正规两居 南北通透 满五年唯一 业主诚售,330,52885,0,62.4,0,0,1,1,0.25,0,1,1,209,1,1,1,2,6,0,1,0,1,0,0,0,0,2
117,角门 大红门 马家堡 西北向一居    满五年,338,51135,0,66.1,0,1,0,1,0.25,0,0,1,209,1,1,1,2,21,0,0,0,0,0,0,0,1,1
118,杏林园 马家堡 角门 洋桥 精装两居室,430,51920,0,82.82,0,1,0,0,0.166666667,0,0,1,209,1,1,1,1,18,0,0,0,0,1,0,0,0,2
119,角门 马家堡 大红门南北通透 精装修一居室,304,55791,0,54.49,0,0,1,0,0.5,0,1,1,209,1,1,1,4,5,0,1,0,1,0,0,0,0,1
120,角门东里 南北通透两居 近地铁,310,52722,0,58.8,0,0,1,0,0.5,0,1,1,209,1,1,1,3,6,0,1,0,1,0,0,0,0,2
121,马家堡 角门 正规一居室 配套齐全 生活方便,330,50645,0,65.16,0,1,0,1,0.25,0,0,1,209,1,1,1,0,21,0,0,0,0,0,0,0,1,1
122,洋桥 角门东里 两居室  带电梯 地铁10号线 全明格局,395,53647,0,73.63,0,1,0,0,0.25,0,0,1,209,1,1,1,1,19,0,0,0,1,0,0,1,0,2
123,洋桥 角门东里  2居室  中间楼层 带电梯,380,60655,0,62.65,0,1,0,1,0.25,0,0,1,209,1,1,1,0,19,1,0,0,0,0,0,0,0,2
124,角门东马家堡大红门洋桥一居室，户型方正，采光好,290,50322,0,57.63,0,1,0,1,0.166666667,0,0,1,209,1,1,1,0,18,0,0,1,0,0,0,0,0,1
125,满五年且家庭只有这一套房，东向无遮挡采光视野好！,275,48510,0,56.69,0,1,0,1,0.142857143,0,0,1,209,1,1,1,1,18,1,0,0,0,0,0,0,0,1
126,人车分流商品房社区，南向小户型，干净整洁,340,73498,0,46.26,0,0,0,0,0.666666667,0,0,1,209,0,1,1,4,18,0,1,0,0,0,0,0,0,1
127,阳光花园首套首付128万既得，全明格局2梯3户满五唯一,323,69151,0,46.71,0,0,0,1,0.666666667,0,0,1,209,0,1,1,1,19,1,0,0,1,0,0,0,0,1
128,东向大两居  户型方正 精装修 业主诚心出售,545,49722,0,109.61,0,2,0,0,0.25,0,0,1,209,1,1,1,4,14,1,0,0,0,0,0,0,0,2
129,角门东里带电梯全明格局通透两居,410,48247,1,84.98,0,1,0,1,0.166666667,0,0,1,209,1,1,1,1,18,0,0,0,0,0,0,0,1,2
130,阳光花园 中间楼层 南向 开间,345,74579,0,46.26,0,0,0,0,0.666666667,0,0,1,209,0,1,1,0,19,0,1,0,0,0,0,0,0,1
131,正规三居室 东南朝向 高楼层视野好 户型方正,650,58787,1,110.57,0,1,0,1,0.166666667,0,0,1,209,1,1,1,2,18,0,0,0,0,1,0,0,0,3
132,角门东里两居南北通透格局配套设施齐全,250,43707,0,57.2,0,0,1,1,0.5,0,1,1,209,1,1,1,3,6,0,1,0,1,0,0,0,0,2
133,角门东 马家堡 小户型正规两居室,337,56487,0,59.66,0,0,1,1,0.333333333,0,1,1,209,1,1,1,0,6,1,0,0,0,0,0,0,0,2
134,角门东里 近地铁 带电梯2居 看房方便,360,57463,0,62.65,0,1,0,1,0.25,0,0,1,209,1,1,1,1,19,0,0,1,0,0,0,0,0,2
135,马家堡角门 南北通透 明窗客厅 近地铁 绿化好 物业好,349,53016,0,65.83,0,0,1,1,0.333333333,0,1,1,209,1,1,1,3,6,0,1,0,1,0,0,0,0,2
136,10号线角门东地铁 2010年小区阳光花园 诚心出售,443,74908,1,59.14,0,0,0,0,0.5,0,0,1,209,1,1,1,1,19,0,0,0,0,1,0,0,0,1
137,角门地铁，低楼层的南北通透的二居室,399,59402,0,67.17,0,0,1,1,0.5,0,1,1,209,1,1,1,4,6,0,1,0,1,0,0,0,0,2
138,怡然家园6号院 商品房  看房方便,400,49080,0,81.5,0,0,0,1,0.5,1,0,1,209,1,1,1,1,16,1,0,0,1,0,0,0,0,2
139,角门东里 近地铁 南北通透 采光充足,398,57598,1,69.1,0,0,1,1,0.5,0,1,1,209,1,1,1,0,6,0,1,0,1,0,0,0,0,3
140,怡然家园5号院 3室2厅 南 北,750,59416,0,126.23,4,0,1,1,0.5,1,1,1,209,2,1,2,0,6,0,1,0,1,0,0,0,0,3
141,首座绿洲 1室1厅 北,360,58084,0,61.98,0,1,0,1,0.25,0,0,1,209,1,1,1,0,21,0,0,0,1,0,0,0,0,1
142,角门小区双地铁角门西站精装修两居,398,51395,0,77.44,0,1,0,2,0.166666667,0,0,1,209,1,1,1,3,18,0,0,1,0,0,0,0,0,2
143,南北通透格局，带电梯，交通便利，4号10号双地铁,410,53351,1,76.85,0,2,0,1,1,0,0,1,209,1,1,1,0,14,0,1,0,1,0,0,0,0,2
144,洋桥 角门 马家堡 角门东里 不临街,316,55053,0,57.4,0,0,1,0,0.5,0,1,1,209,1,1,1,2,6,0,1,0,1,0,0,0,0,2
145,马家堡 角门 复式，上下层各有一个带燃气厨房 带电梯,880,46488,0,189.3,4,0,0,1,0.333333333,1,0,1,209,2,2,2,2,14,0,1,0,1,0,0,0,0,5
146,马家堡 10号线角门东地铁  大复式 诚意出售看房方便,890,48182,0,184.72,4,0,0,0,0.5,1,0,1,209,2,1,3,3,11,0,1,0,1,0,0,0,0,4
147,阳光花园南北2居，马家堡商圈地铁10号线角门东站,778,76726,0,101.4,0,0,0,0,0.333333333,0,0,1,209,1,1,1,2,12,0,1,0,1,0,0,0,0,2
148,10号线角门东  大复式带电梯 满五年唯一商品房 急售,889,47666,0,186.51,4,0,1,1,0.333333333,1,0,1,209,2,1,2,2,7,0,0,1,0,1,0,0,0,5
149,角门西电梯一室 看房随时 户型好,295,51189,0,57.63,0,1,0,1,0.166666667,0,0,1,209,1,1,1,1,18,0,0,1,0,0,0,0,0,1
150,马家堡商圈 首座绿洲 三居出售 正对小区花园,560,55064,0,101.7,0,1,0,0,0.25,0,0,1,209,1,1,1,4,21,0,0,0,0,0,0,1,0,3
151,司达小区 马家堡商圈  南北通透两居室 产权清晰,335,56483,0,59.31,0,0,1,1,0.5,0,1,1,209,1,1,1,0,6,0,1,0,1,0,0,0,0,2
152,角门 阳光花园 中间楼层正规两居室,680,77795,0,87.41,0,0,0,1,0.666666667,0,0,1,209,1,1,1,0,19,0,1,0,1,0,0,0,0,2
153,马家堡大红门10号线角门东地铁  正规两居室 环境幽美,440,56002,0,78.57,0,0,1,1,0.333333333,1,1,1,209,1,1,1,2,6,0,0,0,0,1,0,0,0,2
154,京华苑 2室1厅 西南,546,54820,0,99.6,4,1,0,1,0.25,0,0,1,209,1,1,1,0,20,0,0,0,0,0,0,1,0,2
155,角门东里 2室1厅 东 西,350,63166,0,55.41,4,0,1,2,0.333333333,0,1,1,209,1,1,1,3,6,1,0,1,0,0,0,0,0,2
156,南北通透正规两居室，户型方正，业主诚心出售,399,51920,0,76.85,0,2,0,1,1,0,0,1,209,1,1,1,4,14,0,1,0,1,0,0,0,0,2
157,怡然家园6号院，二层无遮挡 无浪费,660,58678,0,112.48,0,0,1,0,0.333333333,1,1,1,209,1,1,2,1,7,0,1,0,1,0,0,0,0,3
158,角门甲8号院 1室1厅 西北,336,51566,0,65.16,4,1,0,1,0.25,0,0,1,209,1,1,1,0,21,0,0,0,0,0,0,0,1,1
159,大红门西路35号 中间层 两居室看房方便,368,49610,0,74.18,0,0,1,1,0.5,0,1,1,209,1,1,1,0,6,1,0,1,0,0,0,0,0,2
160,10号线角门东大红门南北通透双卫生间三居室诚心出售,718,54267,0,132.31,0,2,0,1,0.5,1,0,1,209,2,1,2,1,11,0,1,0,1,0,0,0,0,3
161,角门东里 南北通透两居 近地铁,320,55945,0,57.2,0,0,1,1,0.5,0,1,1,209,1,1,1,2,6,0,1,0,1,0,0,0,0,2
162,马家堡 洋桥 角门 大红门 东南向两居格局好业主诚心卖,455,52018,0,87.47,4,1,0,1,0.25,0,0,1,209,1,1,1,0,21,0,0,0,0,0,0,1,0,2
163,大红门西马场北里，南北三室通风好,320,56538,0,56.6,0,0,2,0,0.333333333,0,1,1,209,1,1,1,0,6,0,1,0,1,0,0,0,0,3
164,首座绿洲  正规三居  三个卧室都朝南 户型好,850,66935,0,126.99,0,1,0,1,0.25,0,0,1,209,1,1,2,2,21,0,1,0,0,0,0,0,0,3
165,洋桥 角门一层大住宅 满五唯一,1200,89140,0,134.62,0,1,0,1,0.25,0,0,1,209,1,1,2,4,21,0,1,0,0,0,0,0,0,3
166,角门甲4号院 南北通透 一层 诚心出售,440,68059,0,64.65,0,0,1,1,0.5,0,1,1,209,1,1,1,4,6,0,1,0,1,0,0,0,0,2
167,马家堡角门，出小区角门东地铁，可等满五年唯一时过户,436,79942,0,54.54,0,0,0,1,0.5,0,0,1,209,1,1,1,2,16,0,0,0,0,1,0,0,0,1
168,临近地铁人车分流商品房社区，南向小户型，采光好！,328,76815,0,42.7,0,0,0,1,0.5,0,0,1,209,0,1,1,4,16,0,1,0,0,0,0,0,0,1
169,东风南里 1室1厅 南 北,89,20446,0,43.53,0,0,2,1,0.333333333,0,1,8,161,1,1,1,0,5,0,1,0,1,0,0,0,0,1
170,东风北里商品房两居室，中间楼层，出行方便，采光充足,90,20690,0,43.5,0,0,2,1,0.333333333,0,1,8,161,1,1,1,0,4,0,1,0,1,0,0,0,0,2
171,满五年。精装修。南北通透，价格合适。近公园,105,18173,1,57.78,0,0,1,0,0.25,0,1,8,161,1,1,1,3,5,0,1,0,1,0,0,0,0,2
172,迎风一里 2室1厅 南 北,110,18173,0,60.53,0,4,3,2,0.333333333,2,2,8,161,1,1,1,1,6,0,1,0,1,0,0,0,0,2
173,高家坡社区3-1-1-1 75.33平方米。南北通透,140,18585,0,75.33,0,0,2,0,0.333333333,0,1,8,161,1,1,1,0,6,0,1,0,1,0,0,0,0,3
174,南北通透两居室 低楼层 出行方便,119,19933,0,59.7,0,3,1,0,0.25,0,1,8,161,1,1,1,1,6,0,1,0,1,0,0,0,0,2
175,满五年唯一，中等装修，南北通透。近医院，不临街。,118,20209,0,58.39,0,0,2,1,0.333333333,0,2,8,161,1,1,1,0,5,0,1,0,1,0,0,0,0,3
176,迎风四里 2室1厅 东,125,23339,0,53.56,0,0,1,1,0.333333333,0,2,8,161,1,1,1,0,6,1,0,0,0,0,0,0,0,2
177,燕山迎风四里 两居室 中间楼层 看房方便,103,17677,0,58.27,0,0,1,1,0.333333333,0,1,8,161,1,1,1,0,6,1,0,1,0,0,0,0,0,2
178,迎风四里 2室1厅 南 北,121,20374,1,59.39,0,4,3,1,0.333333333,2,2,8,161,1,1,1,0,5,0,1,0,1,0,0,0,0,2
179,迎风六里 中间楼层 楼下车站 超市 菜市场,110,19853,0,55.41,0,0,2,1,0.333333333,0,1,8,161,1,1,1,0,6,0,1,0,0,0,0,0,0,2
180,迎风五里 3室1厅 南 北,129,17750,0,72.68,0,0,2,0,0.25,0,1,8,161,1,1,1,3,5,0,1,0,1,0,0,0,0,3
181,迎风四里 2室1厅 南 北,130,23136,0,56.19,0,4,3,2,0.333333333,2,2,8,161,1,1,1,0,5,0,1,0,1,0,0,0,0,2
182,迎风三里，现代装修。业主自住，随时签约,139,24725,0,56.22,0,0,2,1,0.333333333,0,2,8,161,1,1,1,4,5,0,1,0,1,0,0,0,0,2
183,宏塔社区 1室1厅 南,96,22136,0,43.37,0,0,1,1,0.333333333,0,1,8,161,1,1,1,3,6,0,1,0,0,0,0,0,0,1
184,迎风一里 3室1厅 南 北,115,18727,0,61.41,0,4,1,2,0.333333333,2,2,8,161,1,1,1,3,6,0,1,0,1,0,0,0,0,3
185,满五唯一，南北通透2室2厅业主诚心出售,188,19017,1,98.86,4,0,1,0,0.5,0,2,8,161,2,1,1,4,6,0,1,0,1,0,0,0,0,2
186,东风东里 南北向两居室 满五唯一,93,15367,0,60.52,4,4,3,0,0.5,2,2,8,161,1,1,1,3,6,0,1,0,1,0,0,0,0,2
187,杰辉苑南北朝向3居室无遮挡采光好,198,15164,0,130.58,4,4,3,0,0.5,2,2,8,161,1,1,2,3,6,0,1,0,1,0,0,0,0,3
188,迎风四里 2室1厅 南,115,21868,0,52.59,4,0,2,1,0.333333333,0,1,8,161,1,1,1,3,5,0,1,0,0,0,0,0,0,2
189,迎风二里 南北向三居室 中间楼层,138,18221,0,75.74,0,3,2,1,0.333333333,0,1,8,161,1,1,1,0,6,0,1,0,0,0,0,0,0,3
190,杏花西里 2室1厅 南 北,105,17550,0,59.83,0,0,1,1,0.333333333,2,2,8,161,1,1,1,3,6,0,1,0,1,0,0,0,0,2
191,宏塔社区优质两居室 业主诚心出售,129,21483,0,60.05,0,0,1,1,0.5,0,1,8,161,1,1,1,2,6,0,1,0,1,0,0,0,0,2
192,东风北里 2室1厅 南,96,18029,0,53.25,0,4,1,1,0.333333333,0,1,8,161,1,1,1,0,6,0,1,0,0,0,0,0,0,2
193,迎风五里 2室2厅 南,185,21299,0,86.86,0,0,2,2,0.5,0,2,8,161,2,1,1,0,6,0,1,0,0,0,0,0,0,2
194,迎风六里二区 南北通透两居室 业主诚意出售,170,18742,0,90.71,0,0,0,0,0.5,0,1,8,161,1,1,1,2,6,0,1,0,1,0,0,0,0,2
195,此房满五唯一，南北通透格局，采光通透良好，商品房,95,17629,0,53.89,0,0,1,2,0.25,0,2,8,161,1,1,1,0,5,0,1,0,0,0,0,0,0,2
196,宏塔社区 3室1厅 东 北,155,22018,0,70.4,0,1,3,0,0.333333333,0,0,8,161,1,1,1,3,15,1,0,0,1,0,0,0,0,3
197,羊耳峪里 中楼层 两室一厅  诚意出售,110,19188,0,57.33,0,1,1,1,0.25,0,2,8,161,1,1,1,0,6,0,0,0,0,0,1,0,0,2
198,燕山羊耳峪里满五唯一精装修两居室诚心出售,125,20462,0,61.09,0,3,1,0,0.5,0,1,8,161,1,1,1,0,6,0,1,0,1,0,0,0,0,2
199,羊耳峪里 2室1厅 北 西,105,17674,0,59.41,0,4,3,1,0.25,2,2,8,161,1,1,1,3,6,0,0,1,1,0,0,0,0,2
200,中国铁建原香汇 1室1厅 南,75,14352,0,52.26,4,0,0,2,1,0,2,8,161,0,0,0,3,14,0,1,0,0,0,0,0,0,2
201,中国铁建原香汇 商业 开间 燕山 采光好,55,18231,0,30.17,4,0,0,1,0.090909091,0,2,8,161,0,0,0,0,14,0,1,0,0,0,0,0,0,2
202,杏花西里 2室1厅 南 北,140,23577,0,59.38,4,0,2,2,0.333333333,2,2,8,161,1,1,1,0,6,0,1,0,1,0,0,0,0,2
203,燕山迎风一里  此房南北通透格局，业主诚心出售。,100,18762,0,53.3,4,0,1,1,0.333333333,0,2,8,161,1,1,1,4,5,0,1,0,1,0,0,0,0,2
204,迎风六里一区 2室1厅 南 北,125,21759,0,57.45,4,0,2,1,0.333333333,0,1,8,161,1,1,1,1,6,0,1,0,1,0,0,0,0,2
205,迎风一里南北通透两居室中间楼层诚意出售,98,21939,0,44.67,4,0,2,2,0.333333333,0,1,8,161,1,1,1,0,5,0,1,0,1,0,0,0,0,2
206,燕山迎风二里东西向高楼层一居室,99,20221,0,48.96,4,4,3,2,0.25,2,2,8,161,1,1,1,3,4,1,0,1,0,0,0,0,0,1
207,迎风一里 2室1厅 南,85,18447,0,46.08,4,4,3,1,0.333333333,2,2,8,161,1,1,1,3,5,0,1,0,0,0,0,0,0,2
208,房山杰辉苑 满五唯一商品房 南北向三居室,245,20297,0,120.71,4,4,3,1,0.5,2,2,8,161,1,1,2,3,6,0,1,0,1,0,0,0,0,3
209,羊耳峪北里 2室1厅 南 北,99,16440,0,60.22,4,4,3,2,0.5,2,2,8,161,1,1,1,3,6,0,1,0,1,0,0,0,0,2
210,杏花西里 2室1厅 南 北,118,19812,0,59.56,4,0,2,2,0.333333333,2,2,8,161,1,1,1,1,6,0,1,0,1,0,0,0,0,2
211,杏花西里 南北通透两居 好位置 看房方便 诚意出售,105,17888,0,58.7,4,0,2,1,0.5,0,1,8,161,1,1,1,3,6,0,1,0,1,0,0,0,0,2
212,羊耳峪西区 4.5米挑高  环境优美 南北通透,149,14917,1,99.89,4,0,2,1,0.5,0,2,8,161,2,1,2,3,6,0,1,0,1,0,0,0,0,2
213,杰辉苑 南北大两居 业主诚意出售,184,18138,0,101.45,4,4,3,0,0.5,2,2,8,161,1,1,1,2,6,0,1,0,1,0,0,0,0,2
214,此房满五唯一，普通住宅，两居室，店长推荐。,115,20358,0,56.49,4,4,1,1,0.333333333,0,2,8,161,1,1,1,0,5,0,1,0,1,0,0,0,0,2
215,中国铁建原香汇 2室1厅 西 南,89,14981,0,59.41,4,0,0,2,0.058823529,0,2,8,161,0,0,0,0,14,0,1,1,0,0,0,0,0,3
216,中国铁建原香汇，燕山地商圈地带，周边商业区配套齐全,70,16723,0,41.86,4,0,0,0,0.058823529,0,2,8,161,0,0,0,0,14,0,0,1,0,0,0,0,0,2
217,迎风四里 3室1厅 东 西,103,16880,0,61.02,4,0,1,2,0.333333333,0,2,8,161,1,1,1,3,6,1,0,1,0,0,0,0,0,3
218,中国铁建原香汇 1室1厅 东,68,15877,0,42.83,4,0,0,2,0.058823529,0,2,8,161,0,0,0,0,14,1,0,0,0,0,0,0,0,2
219,商品房满五唯一，中间楼层采光无遮挡,115,22536,0,51.03,4,0,2,0,0.333333333,0,1,8,161,1,1,1,0,5,0,1,0,0,0,0,0,0,2
220,中国铁建原香汇 1室0厅 东,100,19965,0,50.09,4,0,0,2,1,0,2,8,161,0,0,0,3,5,1,0,0,0,0,0,0,0,1
221,羊耳峪里 2室1厅 南,120,19974,0,60.08,4,4,3,2,0.5,2,2,8,161,1,1,1,0,6,0,1,0,0,0,0,0,0,2
222,羊耳峪北里 2室1厅 南 北,135,24022,0,56.2,4,0,1,1,0.333333333,0,2,8,161,1,1,1,4,6,0,1,0,1,0,0,0,0,2
223,商品房，商品房，都可以买中间楼层采光无遮挡，,108,19252,0,56.1,4,0,2,1,0.333333333,0,1,8,161,1,1,1,2,6,0,1,0,0,0,0,0,0,2
224,商品房  看房方便  无遮挡中楼层,99,20812,0,47.57,4,0,1,1,0.25,0,1,8,161,1,1,1,0,5,1,0,1,0,0,0,0,0,2
225,此房屋精装修，高楼层采光无遮挡，可拎包入住,122,18488,0,65.99,4,0,2,2,0.333333333,0,1,8,161,1,1,1,3,5,0,1,0,1,0,0,0,0,2
226,杏花东里社区南北通透两居室采光通风好,104,17334,0,60,4,0,1,0,0.5,0,1,8,161,1,1,1,3,6,0,1,0,1,0,0,0,0,2
227,高家坡社区 南北通透两居 115万可议价,112,18955,0,59.09,4,0,2,1,0.333333333,0,1,8,161,1,1,1,2,6,0,1,0,1,0,0,0,0,2
228,羊耳峪里 2室1厅 南 北,110,18432,0,59.68,4,0,3,1,0.333333333,0,1,8,161,1,1,1,0,6,0,1,0,1,0,0,0,0,2
229,杰辉苑 2室1厅 南 北,190,19518,0,97.35,4,0,0,1,0.5,0,1,8,161,1,1,1,2,6,0,1,0,1,0,0,0,0,2
230,羊耳峪里 正规客厅 两居室 楼层三层 商品房 看房方便,118,19310,1,61.11,4,0,2,0,0.5,0,1,8,161,1,1,1,0,6,0,1,0,1,0,0,0,0,2
231,羊耳峪里 2室1厅 南 北,106,17738,0,59.76,4,4,3,2,0.5,2,2,8,161,1,1,1,2,6,0,1,0,1,0,0,0,0,2
232,宝汇苑 满五年 带电梯正规大客厅一居室,319,60031,0,53.14,0,1,1,1,0.181818182,0,0,1,207,1,1,1,1,24,0,0,0,0,0,0,1,0,1
233,西罗园 带电梯 满五年 南北向 诚意出售,480,59070,0,81.26,0,1,0,1,0.25,0,0,1,207,1,1,1,1,24,0,1,0,1,0,0,0,0,3
234,洋桥 木樨园 南三环内 西罗园二区 南向一居 随时看房,302,57025,0,52.96,0,2,0,0,0.125,0,0,1,207,1,1,1,0,14,0,1,0,1,0,0,0,0,1
235,三环内无遮挡正规带客厅一居室 采光好 居住舒适方便看,356,56347,0,63.18,0,1,1,1,0.181818182,0,0,1,207,1,1,1,1,24,0,0,0,0,1,0,0,0,1
236,西罗园四路通南北向三区出行方便满五年,450,42151,1,106.76,0,2,0,1,0.5,0,1,1,207,1,1,1,1,12,0,1,0,1,0,0,0,0,3
237,宝汇苑 南中轴 木樨园 带大平台,610,65564,0,93.04,0,1,0,0,0.181818182,0,0,1,207,1,1,1,3,24,0,1,1,1,0,0,0,0,2
238,京品小区洋桥大红门 三居室看房方便,755,60765,0,124.25,0,2,0,1,0.333333333,0,0,1,207,1,1,2,1,15,0,1,0,1,0,0,0,0,3
239,南三环内 南北通透三居，全明格局，双卫双阳台,620,62350,0,99.44,0,1,0,1,0.333333333,0,0,1,207,1,1,2,0,26,0,0,0,1,0,0,1,0,3
240,西罗园 洋桥 马家堡 南北通透 正规两居室 诚意出售,308,48704,0,63.24,0,0,1,1,0.5,0,1,1,207,1,1,1,3,5,0,1,0,1,0,0,0,0,2
241,中间层正东向一居室，满五唯一方正格局,235,57053,1,41.19,0,0,1,0,0.090909091,0,1,1,207,1,1,1,0,6,1,0,0,0,0,0,0,0,1
242,华润小区正规两居室南北通透户型方正,321,51558,0,62.26,0,0,1,1,0.166666667,0,1,1,207,1,1,1,4,6,0,1,0,1,0,0,0,0,2
243,西罗园南里 南北通透 前后无遮挡采光好 格局方正,330,52141,0,63.29,0,0,1,1,0.166666667,0,1,1,207,1,1,1,1,6,0,1,0,1,0,0,0,0,2
244,南三环西罗园 洋桥 角门 南北通透两居室 户型方正,320,51414,0,62.24,0,0,1,0,0.5,0,1,1,207,1,1,1,2,6,0,1,0,1,0,0,0,0,2
245,京品小区西南两居室诚心出售可以随时签约,620,71677,0,86.5,0,2,0,1,0.333333333,0,0,1,207,1,1,1,2,15,0,0,0,0,0,0,1,0,2
246,西罗园四区，东南向正规两居，客厅带窗,358,57483,0,62.28,0,1,0,1,0.25,0,0,1,207,1,1,1,3,24,0,0,0,0,1,0,0,0,2
247,大红门 西罗园木樨园优质两居室无遮挡通透两居室,286,45333,0,63.09,0,0,1,1,0.166666667,0,1,1,207,1,1,1,3,6,1,0,1,0,0,0,0,0,2
248,西罗园南向精装两居婚房，高楼层视野好，经典小两居,350,60293,0,58.05,0,1,1,0,0.285714286,0,0,1,207,1,1,1,2,24,0,1,0,0,0,0,0,0,2
249,西罗园  精装修，南北通透两居室  有车位,300,52632,0,57,0,0,1,0,0.333333333,0,1,1,207,1,1,1,3,6,0,1,0,1,0,0,0,0,2
250,大红门西罗园华润小区正规一居室诚心出售,232,49383,0,46.98,0,0,1,1,0.166666667,0,1,1,207,1,1,1,2,6,0,1,0,1,0,0,0,0,1
251,西罗园南里 1室0厅 南,260,64151,0,40.53,0,0,1,1,0.333333333,0,1,1,207,0,1,1,0,6,0,1,0,0,0,0,0,0,1
252,华润小区 1996年小区 东西向正规一居室 满五家庭一套,238,50563,0,47.07,0,0,1,1,0.166666667,0,1,1,207,1,1,1,3,6,1,0,1,0,0,0,0,0,1
253,西罗园一区 2室1厅 东南 北,521,63685,0,81.81,0,1,0,1,0.285714286,0,0,1,207,1,1,1,2,22,0,0,0,1,1,0,0,0,2
254,西罗园一区 南北通透明厨明卫精装二居 诚意出售,320,57246,1,55.9,0,0,1,0,0.5,0,1,1,207,1,1,1,2,6,0,1,0,1,0,0,0,0,2
255,西罗园宝汇苑，业主变现，诚意出售，看房提前预约,500,67124,0,74.49,0,1,0,0,0.181818182,0,0,1,207,1,1,2,3,24,0,0,0,0,1,0,0,0,3
256,三环内西罗园一区东南向大客厅两居室业主诚意出售,443,56297,0,78.69,0,1,0,1,0.285714286,0,0,1,207,1,1,1,1,22,0,0,0,0,1,0,0,0,2
257,西罗园南里 半地下 价格优美 优质两居 费用少,218,44755,0,48.71,0,0,1,1,0.333333333,0,1,1,207,1,1,1,5,6,0,1,0,1,0,0,0,0,2
258,南三环边   正规的两居室   诚意出售   随时签约,368,51613,0,71.3,0,1,0,1,0.25,0,0,1,207,1,1,1,1,18,0,0,0,0,0,0,0,1,2
259,西罗园 洋桥 南三环 1996年代 万链精装 拎包入住,283,57673,0,49.07,0,1,0,0,0.181818182,0,0,1,207,1,1,1,0,18,0,1,0,0,0,0,0,0,1
260,采光好满五唯一双卧室朝南户型优质,380,58462,0,65,0,1,0,1,0.181818182,0,0,1,207,1,1,1,0,20,0,1,0,0,0,0,0,0,2
261,风格景园中间层无遮挡采光好西罗园二区26号楼,385,55309,0,69.61,0,2,0,1,0.214285714,0,0,1,207,1,1,1,0,14,0,0,0,0,0,0,1,0,1
262,南三环地铁口 得房率90% 低密度 高绿化板楼商品房小区,745,63372,1,117.56,0,0,1,1,0.5,0,1,1,207,1,1,1,4,6,0,1,0,1,0,0,0,0,3
263,南三环 洋桥 西罗园南里 全明格局2居室 电梯房,399,54161,0,73.67,0,1,0,0,0.25,0,0,1,207,1,1,1,0,21,0,0,0,1,0,0,1,0,2
264,西罗园南里  纯南向两居室  诚心出售,278,52652,0,52.8,0,0,2,0,0.333333333,0,1,1,207,0,1,1,0,6,0,1,0,0,0,0,0,0,2
265,产权证满五年 采光好 无遮挡 诚意出售 可随时签约,380,52198,0,72.8,0,1,0,1,0.285714286,0,0,1,207,1,1,1,1,18,0,0,0,0,0,0,1,0,2
266,西罗园南里 精装三居室 满五年 家庭一套 诚意出售,360,75267,1,47.83,0,0,1,0,0.25,0,1,1,207,1,1,1,5,6,0,1,0,1,0,0,0,0,3
267,大红门 木樨园 洋桥 西罗园 满五唯一优质两居室,285,52974,0,53.8,0,0,2,0,0.333333333,0,1,1,207,1,1,1,3,6,1,0,0,0,0,0,0,0,2
268,南三环内二环外木樨园西罗园二区南北通透两居室精装修,355,52069,0,68.18,0,2,0,0,0.125,0,0,1,207,1,1,1,0,14,0,1,0,1,0,0,0,0,2
269,南三环内 木樨园 南北通透三居室 明厨明卫,460,61745,0,74.5,0,0,1,1,0.333333333,0,1,1,207,1,1,1,4,6,0,1,0,1,0,0,0,0,3
270,西罗园二区南北通透挂东窗高楼层满五年唯一,499,56308,1,88.62,0,1,0,0,0.25,0,0,1,207,1,1,1,2,24,0,1,0,1,0,0,0,0,3
271,西罗园二区 南北通透 全明格局方正三居板楼,375,49538,0,75.7,0,0,1,0,0.333333333,0,1,1,207,1,1,1,3,6,0,1,0,1,0,0,0,0,3
272,西罗园 三环边 南向精装两居室 采光好 无遮挡,299,59091,0,50.6,0,0,1,0,0.333333333,0,1,1,207,1,1,1,3,6,0,1,0,0,0,0,0,0,2
273,西罗园洋桥封闭式管理正规两居带客厅,335,57462,0,58.3,0,1,0,0,0.285714286,0,0,1,207,1,1,1,1,18,0,0,0,0,0,0,0,1,2
274,西罗园电梯两居室，东南向，近地铁，采光棒，视野好,435,55281,0,78.69,0,1,0,0,0.285714286,0,0,1,207,1,1,1,0,24,0,0,0,0,1,0,0,0,2
275,西罗园 洋桥 马家堡 满五年唯一 精装修,448,76282,0,58.73,0,1,0,0,0.25,0,0,1,207,1,1,1,1,22,0,0,0,0,0,0,1,0,2
276,南北通透，低楼层，采光无遮挡，客厅可放沙发电视,315,58824,0,53.55,0,0,1,3,0.5,0,1,1,207,1,1,1,4,6,0,1,0,1,0,0,0,0,2
277,西罗园洋桥正规一居，中间楼层，无遮挡，诚意出售,239,50776,0,47.07,0,0,1,1,0.166666667,0,1,1,207,1,1,1,0,6,1,0,1,0,0,0,0,0,1
278,洋桥 西罗园 优质三居室 南北通透 双朝南 精装修,395,53596,0,73.7,0,0,2,0,0.5,0,1,1,207,1,1,1,3,6,0,1,0,1,0,0,0,0,3
279,西罗园洋桥南向全明格局两居，满五唯一随时看房,319,55191,0,57.8,0,0,1,1,0.333333333,0,1,1,207,1,1,1,3,5,0,1,0,0,0,0,0,0,2
280,洋桥西罗园马家堡精装修正规一居室，高楼层采光很好,330,57987,0,56.91,0,1,0,1,0.333333333,0,0,1,207,1,1,1,0,26,0,0,0,0,0,0,1,0,1
281,西罗园一层居住方便，随时签约，2居,305,52943,0,57.61,0,1,0,1,0.285714286,0,0,1,207,1,1,1,4,18,0,0,0,0,0,0,0,1,2
282,西罗园装修一居室 满五年 看房方便,279,59616,0,46.8,0,1,0,1,0.25,0,0,1,207,1,1,1,1,22,0,1,0,0,0,0,0,0,1
283,洋桥 西罗园二区 南北向 明厨明卫 精装修,390,64474,0,60.49,0,0,1,1,0.333333333,0,1,1,207,1,1,1,0,6,0,1,0,1,0,0,0,0,2
284,西罗园大红门 270万两居 采光好无遮挡业主诚意出售,270,53360,0,50.6,0,0,2,3,0.333333333,0,1,1,207,1,1,1,3,6,0,1,0,0,0,0,0,0,2
285,西罗园二区双南向两居室 全明格局满五年随时可看,330,56897,0,58,0,0,1,1,0.333333333,0,1,1,207,1,1,1,0,5,0,1,0,0,0,0,0,0,2
286,西罗园正规一居室，满五年，看房方便，业主诚心出售,280,51217,0,54.67,0,2,0,1,0.086956522,0,0,1,207,1,1,1,2,12,0,0,0,0,1,0,0,0,1
287,洋桥西罗园木樨园 东西向小三居 板楼中间层  诚意出售,307,50328,1,61,0,0,2,1,0.333333333,0,1,1,207,0,1,1,0,6,1,0,1,1,0,0,0,0,3
288,西罗园南里 东西通透 两居 精装,370,54937,0,67.35,0,0,1,0,0.5,0,1,1,207,1,1,1,1,6,1,0,1,0,0,0,0,0,2
289,洋桥北京南站宝汇苑小区三居室出售,590,53154,0,111,0,1,1,0,0.181818182,0,0,1,207,2,1,2,4,24,0,1,1,1,0,0,0,0,3
290,宝汇苑西罗园社区大两居诚心出售,428,53321,0,80.27,0,1,1,1,0.181818182,0,0,1,207,1,1,1,0,24,0,1,0,1,0,0,0,0,2
291,西罗园三区 汇达公寓 拎包入住的精装三居,780,58231,0,133.95,0,1,0,0,0.285714286,0,0,1,207,1,1,2,1,26,0,1,0,1,0,0,0,0,3
292,西罗园南里 双南向卧室 费用少 视野开阔 拎包入住,420,57019,1,73.66,0,0,1,0,0.333333333,0,1,1,207,1,1,1,3,6,0,1,0,1,0,0,0,0,2
293,西罗园南里 户型方正 南北通透两居室,325,58984,0,55.1,0,0,2,1,0.333333333,0,1,1,207,1,1,1,1,6,0,1,0,1,0,0,0,0,2
294,西罗园南里 南北通透 两居 户型方正  诚意出售,295,51574,0,57.2,0,0,2,0,0.333333333,0,1,1,207,1,1,1,3,6,0,1,0,1,0,0,0,0,2
295,西罗园南里精装三居室，业主诚心出售，可以随时签约。,395,52249,1,75.6,0,0,2,0,0.5,0,1,1,207,1,1,1,3,6,0,1,0,1,0,0,0,0,3
296,西罗园大红门洋桥精装两居室诚心出售,297,50649,1,58.64,0,0,1,0,0.2,0,1,1,207,1,1,1,3,6,0,1,0,1,0,0,0,0,2
297,西罗园大红门正规两居室诚心出售,240,33311,0,72.05,0,1,0,1,0.666666667,0,0,1,207,1,1,1,5,20,0,0,0,0,0,0,0,1,2
298,北京南站西罗园洋桥电梯房，西南向，钢混可贷25年,340,55231,0,61.56,0,1,0,1,0.25,0,0,1,207,1,1,1,2,22,0,0,0,0,0,0,1,0,2
299,南三环 洋桥 大红门 西罗园  优质两居室 业主诚心卖,375,50903,0,73.67,0,1,0,0,0.25,0,0,1,207,1,1,1,3,21,0,0,0,0,0,0,0,1,2
300,三环里 南向两居室 采光视野好 精装修 诚意出售,340,53242,1,63.86,0,0,1,0,0.333333333,0,1,1,207,1,1,1,0,6,0,1,0,0,0,0,0,0,2
301,南三环 大红门 洋桥 西罗园 南北通透 满五唯一两居室,330,59892,0,55.1,0,0,1,0,0.333333333,0,1,1,207,1,1,1,3,6,0,1,1,1,0,0,0,0,2
302,西罗园经典两居，中间层南向精装，采光好，满五唯一！,358,59967,0,59.7,0,1,0,0,0.285714286,0,0,1,207,1,1,1,0,18,0,1,0,0,0,0,0,0,2
303,四路通路口 西罗园三区南北向电梯一居室,262,59641,0,43.93,0,2,0,1,0.5,0,1,1,207,1,1,1,0,12,0,1,0,1,0,0,0,0,1
304,西罗园南里 2室1厅 西北,368,51613,0,71.3,0,1,0,0,0.25,0,0,1,207,1,1,1,3,18,0,0,0,0,0,0,0,1,2
305,西罗园四区 三环内 南北向一居室 诚意出售,216,52748,0,40.95,0,0,1,1,0.071428571,0,1,1,207,1,1,1,3,6,0,1,0,1,0,0,0,0,1
306,南三环 大红门 西罗园 洋桥 正规一居室,280,54560,0,51.32,0,1,0,1,0.181818182,0,0,1,207,1,1,1,1,20,0,1,0,0,0,0,0,0,1
307,大红门 西罗园 洋桥 京品小区 正规一居室,415,60576,0,68.51,0,2,0,1,0.25,0,0,1,207,1,1,1,3,15,1,0,0,0,0,0,0,0,1
308,西罗园三区 东南向有电梯高板 精装一居,258,47193,0,54.67,0,2,0,0,0.086956522,0,0,1,207,1,1,1,0,12,0,0,0,0,1,0,0,0,1
309,三环内，东南向精装两居室，带电梯中间层，不临街,342,55665,0,61.44,0,1,0,0,0.25,0,0,1,207,1,1,1,0,22,0,0,0,0,1,0,0,0,2
310,汇达公寓 三环内2000年新楼 精装修 电梯房 东南向,569,58252,1,97.68,0,1,0,0,0.285714286,0,0,1,207,1,1,1,0,26,0,1,0,0,0,0,0,0,2
311,西罗园二区两居室出售 价位合适 业主可随时签约,358,51511,0,69.5,0,2,0,0,0.090909091,0,0,1,207,1,1,1,2,14,0,1,0,1,0,0,0,0,2
312,洋桥三环内2000年宝汇苑正规一室一厅精装修随时签约,399,58232,0,68.52,0,1,0,0,0.181818182,0,0,1,207,1,1,1,1,24,0,0,0,0,0,0,1,0,1
313,三环内 南向一居 三地铁 配套齐全,270,60593,0,44.56,0,0,1,0,0.071428571,0,1,1,207,1,1,1,1,6,0,1,0,0,0,0,0,0,1
314,南三环 洋桥 南向 无遮挡 诚心出售 带车位,308,53482,0,57.59,0,1,0,1,0.181818182,0,0,1,207,1,1,1,3,18,0,1,0,0,0,0,0,0,2
315,华润小区精装两居 楼层好 采光好,320,49853,0,64.19,0,1,0,1,0.181818182,0,0,1,207,1,1,1,2,16,0,0,0,0,0,0,0,1,2
316,洋桥 西罗园一区 一层朝南一居,290,76316,0,38,0,0,2,0,0.142857143,0,1,1,207,1,1,1,4,5,0,1,0,0,0,0,0,0,1
317,华润小区 东南朝向2居室 看房方便 诚意出售,360,52632,0,68.4,0,1,0,1,0.181818182,0,0,1,207,1,1,1,3,18,0,0,0,0,1,0,0,0,2
318,西罗园二区 南北通透两居室 客厅挂西窗采光视野好,350,51335,0,68.18,0,2,0,1,0.125,0,0,1,207,1,1,1,1,14,0,1,0,1,0,0,0,0,2
319,西罗园两居室出售 户型方正 无浪费面积 采光好,368,54762,0,67.2,0,1,0,1,0.285714286,0,0,1,207,1,1,1,0,18,1,0,0,1,0,0,0,0,2
320,西罗园南里 南北三居室 满五唯一  诚心出售,408,53969,0,75.6,0,0,2,0,0.5,0,1,1,207,1,1,1,2,6,0,1,0,1,0,0,0,0,3
321,西罗园中间楼层南北通透两居室 交通便利 居住舒适,330,58594,0,56.32,0,0,1,0,0.5,0,1,1,207,1,1,1,0,6,0,1,0,1,0,0,0,0,2
322,洋桥 西罗园 南北 2居卫生间有窗户,395,73013,0,54.1,0,0,2,0,0.142857143,0,1,1,207,1,1,1,4,5,0,1,0,1,0,0,0,0,2
323,西罗园南里甲35号院，祥瑞苑，,767,57839,1,132.61,0,2,0,1,1,0,0,1,207,2,1,2,2,14,0,1,0,1,0,0,0,0,3
324,华润小区 1室1厅 东,235,49926,0,47.07,0,0,1,2,0.166666667,0,1,1,207,1,1,1,4,6,1,0,0,0,0,0,0,0,1
325,洋桥 西罗园华润小区 南北通透3居 低楼层 诚意出售,460,57472,0,80.04,0,0,1,1,0.25,0,1,1,207,1,1,1,1,6,0,1,0,1,0,0,0,0,3
326,西罗园三区 西北向一居带电梯房,264,56147,0,47.02,0,1,1,1,0.25,0,0,1,207,1,1,1,1,22,0,0,1,1,0,0,0,0,1
327,西罗园三区电梯东北三居室 看房方便,400,59085,0,67.7,0,1,0,1,0.25,0,0,1,207,1,1,1,0,22,0,0,0,0,0,1,0,0,3
328,洋桥大红门西罗园带电梯东南两居室诚心出售,680,63198,0,107.6,4,2,0,1,0.25,0,0,1,207,1,1,1,2,15,0,0,0,0,1,0,0,0,2
329,西罗园一区    小三居  诚心出售  交通便利,385,55781,1,69.02,4,0,1,1,0.5,0,1,1,207,1,1,1,0,6,0,1,0,1,0,0,0,0,3
330,洋桥西罗园 西南三居室 户型方正 带电梯 交通便利,475,57044,0,83.27,0,1,0,1,0.285714286,0,0,1,207,1,1,1,2,24,0,0,0,0,0,0,1,0,3
331,南三环西罗园 洋桥 大红门 两居室 户型方正诚意出售,405,52346,0,77.37,0,1,0,0,0.181818182,0,0,1,207,1,1,1,0,20,0,0,0,0,0,0,0,1,2
332,洋桥 木樨园 双卧朝南 中间层 交通便利,300,59289,0,50.6,4,0,1,0,0.333333333,0,1,1,207,1,1,1,0,6,0,1,0,0,0,0,0,0,2
333,南三环 洋桥 祥瑞苑 2000年建筑 电梯房 西南向三居,785,49873,0,157.4,4,2,0,0,1,0,0,1,207,2,1,2,1,14,0,0,0,0,0,0,1,0,3
334,户型房子两居室 满五年唯一 随时可签 交通便利,380,58193,0,65.3,0,1,0,1,0.285714286,0,0,1,207,1,1,1,0,22,0,0,0,0,1,0,0,0,2
335,南三环西罗园 洋桥 角门  户型方正 南向优质一居,308,53482,0,57.59,0,1,0,0,0.181818182,0,0,1,207,1,1,1,2,16,0,1,0,0,0,0,0,0,1
336,95年楼龄，正南向，有正规客厅一居室,255,53381,0,47.77,0,0,1,1,0.166666667,0,1,1,207,1,1,1,0,6,0,1,0,0,0,0,0,0,1
337,三花内06年新小区，户型方正，看房方便,328,39996,1,82.01,4,2,0,1,0.214285714,0,0,1,207,0,0,0,1,14,0,0,1,0,0,0,0,0,3
338,京品小区 2室1厅 西南,620,71470,1,86.75,0,2,0,1,0.333333333,0,0,1,207,1,1,1,2,15,0,0,0,0,0,0,1,0,2
339,洋桥三环内宝汇苑2000年正规一居 随时签约带电梯,319,60031,0,53.14,0,1,1,1,0.181818182,0,0,1,207,1,1,1,1,24,0,0,0,0,0,0,1,0,1
340,西罗园二区正规两居不临街出行方便无遮挡,290,50339,0,57.61,0,1,0,0,0.285714286,0,0,1,207,1,1,1,1,18,0,0,1,1,0,0,0,0,2
341,西罗园小区    采光充足  视野开阔  带电梯,260,47559,0,54.67,0,2,0,1,0.086956522,0,0,1,207,1,1,1,0,12,0,0,0,0,0,0,1,0,1
342,西罗园南里 2室1厅 东 西,328,48701,0,67.35,4,0,1,2,0.5,0,1,1,207,1,1,1,3,6,1,0,1,0,0,0,0,0,2
343,西罗园 凉水河边两居室带客厅 采光好 视野开阔,400,56418,0,70.9,0,1,0,1,0.25,0,0,1,207,1,1,1,0,18,0,0,0,0,,,,,
344,西罗园四区  东南北向三居  无遮挡 诚意出售 随时签约,335,49121,0,68.2,0,0,1,1,0.333333333,0,1,1,207,1,1,1,3,6,1,1,0,1,0,0,0,0,3
345,三环内 西罗园四区 中间层一居室 诚意出售,225,54625,0,41.19,0,0,1,1,0.090909091,0,1,1,207,1,1,1,0,6,1,0,1,0,0,0,0,0,1
346,西罗园 南三环 带客厅两居室 随时看房 出入方便,347,55636,0,62.37,4,1,0,1,0.25,0,0,1,207,1,1,1,4,21,0,0,0,0,1,0,0,0,2
347,三环内南北三居室看房方便 随时签约,489,54522,0,89.69,0,1,1,0,0.181818182,0,0,1,207,1,1,1,2,24,0,1,0,1,0,0,0,0,3
348,三环内南向正规一居室，带电梯，无遮挡，交通便利。,320,62807,0,50.95,0,1,0,1,0.285714286,0,0,1,207,1,1,1,2,18,0,1,0,0,0,0,0,0,1
349,宝汇苑西罗园二区50年产权随时看房,350,35361,0,98.98,4,1,0,1,0.181818182,0,0,1,207,0,0,0,1,24,0,1,0,0,0,0,0,0,2
350,西罗园一区 2室1厅 南 北,312,53152,0,58.7,4,0,1,3,0.333333333,0,1,1,207,1,1,1,0,6,0,1,0,1,0,0,0,0,2
351,西罗园南里 1室2厅 南 北,305,58790,0,51.88,0,0,1,1,0.5,0,1,1,207,2,1,1,0,6,0,1,0,1,0,0,0,0,1
352,三环内 明厨明卫 三居室 满五年唯一,498,60873,0,81.81,0,1,0,1,0.285714286,0,0,1,207,1,1,1,0,22,0,1,0,1,0,0,0,0,3
353,洋桥 西罗园 宝汇苑 南北三居室 满五年 精装,488,54410,1,89.69,0,1,0,0,0.181818182,0,0,1,207,1,1,1,0,24,0,1,0,1,0,0,0,0,3
354,西罗园南里 2室1厅 东南,370,58843,0,62.88,4,1,0,0,0.25,0,0,1,207,1,1,1,2,21,0,0,0,0,1,0,0,0,2
355,西罗园南里甲35号院祥瑞苑商品房社区正规三居室,698,52636,0,132.61,0,2,0,0,1,0,0,1,207,2,1,2,0,14,0,1,0,1,0,0,0,0,3
356,西罗园洋桥，正规三居室，东南向，双卫设计,688,53780,0,127.93,0,1,0,1,0.285714286,0,0,1,207,1,1,2,1,26,1,1,0,0,0,0,0,0,3
357,西罗园四区 全南向两居 小区中间位置 采光好,385,55669,0,69.16,0,1,0,1,0.25,0,0,1,207,1,1,1,3,22,0,1,0,0,0,0,0,0,2
358,赵山南北二居，次顶层采光好视野好，近地铁。,285,44650,0,63.83,0,0,1,0,0.5,0,1,12,193,1,1,1,2,6,0,1,0,1,0,0,0,0,2
359,金顶街赵山2000年的房子  中间层 南北通透近地铁,320,45468,0,70.38,0,0,1,1,0.333333333,0,1,12,193,1,1,1,0,6,0,0,0,0,1,0,0,1,2
360,低楼层方便出行，西南向小两居。,278,48323,0,57.53,0,0,1,1,0.333333333,0,1,12,193,1,1,1,4,6,1,1,1,0,0,0,0,0,2
361,西井小区三区正规的两居室，南北通透，户型方正。,308,50131,0,61.44,0,0,1,1,0.333333333,0,1,12,193,1,1,1,2,6,0,1,0,1,0,0,0,0,2
362,模式口北里正规两居室，采光好，楼龄新,244,35642,0,68.46,0,0,1,1,0.333333333,0,1,12,193,1,1,1,3,6,1,0,1,0,0,0,0,0,2
363,满五唯一 坡下位置 低楼层精装修，1999年房龄,269,45241,0,59.46,0,0,1,0,0.333333333,0,1,12,193,1,1,1,4,6,0,1,0,1,0,0,0,0,2
364,西井特钢精装修两居室，南北通透，精装修。,296,50895,0,58.16,0,0,1,0,0.333333333,0,1,12,193,1,1,1,4,6,0,1,0,1,0,0,0,0,2
365,苹果园小区三区 2室1厅 南,395,51513,0,76.68,0,1,0,0,0.285714286,0,0,12,193,1,1,1,0,16,0,1,0,0,0,0,0,0,2
366,模式口西里中间楼层两居室，明厨明卫,252,44928,1,56.09,0,0,0,1,0.333333333,0,1,12,193,1,1,1,0,6,0,1,0,0,0,0,0,0,2
367,海特花园 南北通透 带电梯三居室,427,43885,0,97.3,0,2,0,3,0.2,0,0,12,193,2,1,2,1,12,0,1,0,1,0,0,0,0,3
368,西山枫林一二期 商品房 南北通透 看房有钥匙,582,53016,0,109.78,0,0,0,1,0.5,0,0,12,193,1,1,1,1,10,0,1,0,1,0,0,0,0,3
369,西井一区正规三居室，南北通透，满五年唯一,249,39269,1,63.41,0,0,1,1,0.5,0,1,12,193,1,1,1,3,6,0,1,0,1,0,0,0,0,3
370,青年公寓精装房，满五唯一有电梯，诚心出售随时看,204,45455,0,44.88,0,2,0,0,0.181818182,0,0,12,193,0,1,1,2,14,1,0,0,0,0,0,0,0,1
371,海特花园正规两居室正规客厅，楼层高满五年看房方便,298,40065,0,74.38,0,0,1,3,0.5,0,1,12,193,1,1,1,3,6,0,0,0,0,0,0,0,1,2
372,金福苑 2室1厅 南 北,385,48446,0,79.47,0,0,1,0,0.5,1,1,12,193,1,1,1,4,7,0,1,0,1,0,0,0,0,2
373,雍景四季 南北通透三居室 适合改善需求 您值得一看！,850,61059,0,139.21,4,2,0,1,0.666666667,0,0,12,193,2,1,2,1,22,0,1,0,1,0,0,0,0,3
374,工疗宿舍 正规南北通透的两居室 中间楼层,315,45396,0,69.39,0,0,1,1,0.333333333,0,1,12,193,1,1,1,0,5,0,1,0,1,0,0,0,0,3
375,雍景双庐 2室1厅 东北,450,48792,0,92.23,0,1,0,0,0.272727273,0,0,12,193,1,1,1,0,25,0,0,0,0,0,1,0,0,2
376,金顶街赵山小区 2000年 六号线金安桥站 有钥匙,313,44473,0,70.38,0,0,1,1,0.333333333,0,1,12,193,1,1,1,0,6,0,0,0,0,1,0,0,1,2
377,正规两室两厅两卫  南北通透  全明格局,815,61362,0,132.82,0,0,0,1,0.5,1,0,12,193,2,1,2,0,6,0,1,0,1,0,0,0,0,2
378,模式口北里电厂院，中高楼层，南北通透1997年楼龄,287,42811,0,67.04,0,0,1,0,0.5,0,1,12,193,1,1,1,2,6,0,1,0,1,0,0,0,0,2
379,中高楼层 采光充足 户型方正 电梯直达,390,45492,0,85.73,0,1,0,1,0.285714286,0,0,12,193,1,1,1,0,16,0,0,0,1,1,0,0,0,3
380,射击家属院 南北两居室 1994年房龄,288,48009,0,59.99,0,0,1,0,0.5,0,1,12,193,1,1,1,3,4,0,1,0,1,0,0,0,0,2
381,琳琅庄园南北通透双卫大两居一梯两户,558,51391,0,108.58,0,0,0,0,0.5,0,0,12,193,2,1,2,3,9,0,1,0,1,0,0,0,0,2
382,苹果园小区二区 3室1厅 东 南 北,385,44909,0,85.73,0,1,0,0,0.285714286,0,0,12,193,1,1,1,3,16,1,1,0,1,0,0,0,0,3
383,全南向两居室 格局好 视野开阔 采光充足,684,59334,0,115.28,0,2,0,0,1,0,0,12,193,1,1,1,3,25,0,1,0,0,0,0,0,0,2
384,海特花园精装修小两居 拎包入住 不临街,288,52137,0,55.24,0,0,1,0,0.333333333,0,1,12,193,1,1,1,4,7,0,0,0,0,0,0,0,1,2
385,此房满五唯一商品房，近地铁，中间楼层，精装修,415,63408,0,65.45,4,2,0,0,0.5,0,0,12,193,1,1,1,0,16,0,0,0,0,0,0,0,1,1
386,金顶阳光在售商品房，明厨明卫 南北通透  看房有钥匙,426,47318,0,90.03,0,0,0,1,0.5,0,0,12,193,1,1,1,4,21,0,1,0,1,0,0,0,0,2
387,此房源是满五非唯一成本价房子，南北通透,199,33284,0,59.79,0,0,1,1,0.333333333,0,1,12,193,1,1,1,3,6,0,1,0,1,0,0,0,0,2
388,西井小区四区 3室1厅 南 北,380,46770,0,81.25,0,0,1,0,0.5,0,1,12,193,1,1,1,3,6,0,1,0,1,0,0,0,0,3
389,苹果园小区二区低楼层适合老人居住两居全明格局,343,46084,0,74.43,0,1,0,2,0.285714286,0,0,12,193,1,1,1,4,16,0,1,0,1,0,0,0,0,2
390,雍景天成 南北通透两居室 您值得拥有！,815,61533,0,132.45,0,0,0,1,0.5,1,0,12,193,2,1,2,0,6,0,1,0,1,0,0,0,0,2
391,苹果园小区一区 2室1厅 南 北,315,46324,0,68,0,0,1,2,0.5,0,1,12,193,1,1,1,3,6,0,1,0,1,0,0,0,0,2
392,模式口西里 2室1厅 南 北,268,44101,0,60.77,0,0,0,1,0.333333333,0,1,12,193,1,1,1,2,7,0,1,0,1,0,0,0,0,2
393,苹果园二区20号院 精装修 中间层 看房方便 满五唯一,288,53039,0,54.3,0,0,2,0,0.333333333,0,1,12,193,1,1,1,0,5,0,0,0,0,1,0,0,0,2
394,苹果园小区四区三居室业主诚心出售,328,54704,0,59.96,0,0,1,2,0.333333333,0,1,12,193,1,1,1,3,5,0,1,0,1,0,0,0,0,3
395,海特花园 满五唯一 精装修两居 可以拎包入住,299,47035,1,63.57,0,0,0,0,0.333333333,0,1,12,193,1,1,1,2,7,0,0,0,1,1,0,0,0,2
396,海特花园小区，满五年唯一，带车位，6号线地铁850米,288,53147,0,54.19,0,0,1,2,0.5,0,1,12,193,1,1,1,2,6,1,0,1,0,0,0,0,0,1
397,西山枫林四期新上南北通透3居 高楼层  视野好,500,47002,0,106.38,0,0,1,2,0.5,0,1,12,193,1,1,1,3,6,0,1,0,1,0,0,0,0,3
398,科研楼 正规两居室  南北通透 采光好,265,44013,0,60.21,0,0,1,2,0.333333333,0,1,12,193,1,1,1,0,6,0,1,0,1,0,0,0,0,2
399,铸造村高层精装两居室，远眺首钢园，不临街无遮挡。,338,42731,0,79.1,0,1,0,1,0.285714286,0,0,12,193,1,1,1,3,16,0,1,0,0,0,0,0,0,2
400,模式口北里南北通透两室一厅小格局,264.5,43079,1,61.4,0,0,1,0,0.5,0,1,12,193,1,1,1,3,6,0,1,0,1,0,0,0,0,2
401,坡下位置，小区口，全南朝向，采光好,259,47963,0,54,0,0,1,1,0.333333333,0,1,12,193,1,1,1,1,6,0,1,0,0,0,0,0,0,2
402,西山枫林四期南北三居室 两个卫生间楼层低生活安静,660,54165,0,121.85,0,0,0,1,0.5,0,1,12,193,1,1,2,1,6,0,1,0,1,0,0,0,0,3
403,带电梯洋房社区，酒店式物业管理，复式结构,1300,61832,0,210.25,1,0,0,3,0.5,1,0,12,193,3,2,2,2,6,0,1,0,1,0,0,0,0,4
404,琳琅庄园  带电梯  西南向两居室,559,49109,0,113.83,0,1,0,1,0.25,0,0,12,193,2,1,1,0,16,0,0,0,0,0,0,1,0,2
405,西山枫林一二期满五唯一商品房东西向格局,437,49102,0,89,0,0,0,1,0.5,0,0,12,193,1,1,1,3,11,1,0,1,0,0,0,0,0,2
406,海特花园小区 3室1厅 南 北,390,47342,0,82.38,0,0,1,1,0.5,0,1,12,193,1,1,1,2,6,0,1,0,1,0,0,0,0,3
407,金福苑小区 正规两居室 宽敞明亮,399,44255,0,90.16,0,0,1,2,0.333333333,0,1,12,193,2,1,1,3,6,0,1,0,1,0,0,0,0,2
408,南北通透大两居双阳台，随时看房,439,43235,0,101.54,0,0,1,1,0.5,0,1,12,193,2,1,1,3,3,0,1,0,1,0,0,0,0,2
409,海特东区 全明格局 楼下是118平 看房随时,433,46079,0,93.97,0,0,1,1,0.5,0,1,12,193,1,1,1,3,7,0,1,0,1,0,0,0,0,2
410,枫景园，全南向，低楼层，精装修,435,48104,0,90.43,0,0,0,0,0.5,0,0,12,193,1,1,1,4,11,0,1,0,0,0,0,0,0,2
411,科研楼 2室1厅 南 西 北,245,42205,0,58.05,0,0,1,2,0.333333333,0,1,12,193,1,1,1,3,6,0,1,1,1,0,0,0,0,2
412,中间楼层两居室 南北通透 干净装修 诚心出售,246,41994,1,58.58,0,0,0,1,0.5,0,1,12,193,1,1,1,2,6,0,1,0,1,0,0,0,0,2
413,金顶阳光 正规两居室 视野好 采光好,445,49995,0,89.01,0,0,0,2,0.5,0,0,12,193,1,1,1,2,17,1,0,1,0,0,0,0,0,2
414,此房满五年唯一带电梯，坡下位置，西南朝向 采光好。,269,42719,0,62.97,0,1,0,2,0.285714286,0,0,12,193,1,1,1,1,16,0,0,0,0,0,0,1,0,2
415,海特花园 正规两室  满五年家庭一套房 南北向,418,48124,0,86.86,0,0,0,1,0.5,0,1,12,193,1,1,1,3,7,0,1,0,1,0,0,0,0,2
416,八大处整形医院家属楼 满五唯一 首套购房首付80万,185,45815,0,40.38,0,0,1,2,0.333333333,0,1,12,193,1,1,1,3,5,0,1,0,0,0,0,0,0,1
417,模式口南里精装两居室，诚心出售,263,44306,0,59.36,0,0,0,1,0.5,0,1,12,193,1,1,1,3,6,0,1,0,1,0,0,0,0,2
418,雍景四季 满五唯一 复式四居  可观西山 可养花花草草,1330,61294,0,216.99,1,2,0,0,0.666666667,0,0,12,193,2,1,3,2,21,0,1,0,1,0,0,0,0,4
419,西山枫林四期 满五年唯一商品房,458,47501,1,96.42,1,0,1,2,0.5,0,1,12,193,1,1,1,3,6,0,1,0,1,0,0,0,0,3
420,海特花园小区正规四室两厅双卫户型。,590,40648,0,145.15,1,0,1,1,0.5,0,1,12,193,2,1,2,2,7,0,1,0,1,0,0,0,0,4
421,苹果园一区 南北通透 钢混两居室,329,58148,0,56.58,0,0,0,0,0.5,0,1,12,193,1,1,1,2,6,0,1,0,1,0,0,0,0,2
422,苹果园小区二区 满五年 地铁6号线杨庄站 两室一厅,318,45928,0,69.24,0,1,0,2,0.285714286,0,0,12,193,1,1,1,0,16,0,1,0,0,0,0,0,0,2
423,赵山 2室1厅 东 西,270,42300,0,63.83,0,0,1,2,0.5,0,1,12,193,1,1,1,3,6,1,0,1,0,0,0,0,0,2
424,模式口西里两居室南北通透采光好,235,40998,0,57.32,0,0,0,1,0.5,0,1,12,193,1,1,1,3,7,0,1,0,1,0,0,0,0,2
425,苹果园南路甲23号院 2室1厅 南 北,290,55996,0,51.79,0,0,1,0,0.5,0,1,12,193,1,1,1,1,6,0,1,0,1,0,0,0,0,2
426,苹果园四区 2004年 建成 东北落地窗两居,478,46220,1,103.42,0,1,0,1,0.25,0,0,12,193,1,1,1,1,18,0,0,1,1,0,0,0,0,2
427,林业楼 2室1厅 南 北,280,51604,0,54.26,0,0,1,2,0.5,0,1,12,193,1,1,1,0,5,0,1,0,1,0,0,0,0,2
428,满五年唯一商品房。精装修，南北通透，明厨明卫,327,55190,0,59.25,0,0,1,0,0.5,0,1,12,193,1,1,1,2,6,0,1,0,1,0,0,0,0,2
429,西山枫林一二期香山南路168号院两居室,408,51270,0,79.58,0,0,0,1,0.333333333,0,0,12,193,1,1,1,0,10,1,0,0,0,0,0,0,0,2
430,此房是满五年限价商品房，视野开阔，前后没有遮挡,380,43568,0,87.22,0,0,0,1,0.5,0,0,12,193,1,1,1,4,21,1,0,1,0,0,0,0,0,2
431,模式口西里，低楼层，明厨明卫，采光好,277,44968,0,61.6,0,0,0,0,0.333333333,0,1,12,193,1,1,1,1,6,0,1,0,1,0,0,0,0,2
432,西山枫林四期南北通透，视野好，采光充足，交通便利,369,43643,0,84.55,1,0,1,1,0.5,0,1,12,193,1,1,1,3,6,0,1,0,1,0,0,0,0,2
433,西井小区四区 2室1厅 南 北,288,46602,0,61.8,0,0,1,1,0.5,0,1,12,193,1,1,1,3,6,0,1,0,1,0,0,0,0,2
434,西井小区三区 2室1厅 西 北,310,53960,0,57.45,0,0,1,0,0.5,0,1,12,193,1,1,1,0,6,0,0,1,1,0,0,0,0,2
435,2居室带客厅，不临街，无遮挡，户型方正无浪费,298,51540,1,57.82,0,0,1,1,0.333333333,0,1,12,193,1,1,1,2,6,0,1,0,1,0,0,0,0,2
436,苹果园满五唯一 南向两居室 精装修 近地铁 诚心出售,284,52769,0,53.82,0,0,1,0,0.333333333,0,1,12,193,1,1,1,2,6,0,1,0,0,0,0,0,0,2
437,此房南北通透两居室，中间楼层，视野开阔，采光好。,266,44699,0,59.51,0,0,0,1,0.5,0,1,12,193,1,1,1,0,6,0,1,0,1,0,0,0,0,2
438,满五年家庭一套房，南向采光好，地铁近，交通方便,273,49207,0,55.48,0,0,0,1,0.333333333,0,1,12,193,1,1,1,3,6,0,1,0,0,0,0,0,0,2
439,模式口西里坡下位置 两室一厅 东南朝向,273,43354,0,62.97,0,1,0,1,0.285714286,0,0,12,193,1,1,1,1,16,0,0,0,0,1,0,0,0,2
440,刚需两居室  业主诚心卖 看房方便,235,41236,1,56.99,0,0,1,2,0.5,0,1,12,193,1,1,1,0,5,1,0,1,0,0,0,0,0,2
441,金顶街四区西南向两居室无遮挡采光充足,345,48654,0,70.91,0,0,0,0,0.25,0,0,12,193,1,1,1,1,18,0,0,0,0,0,0,1,0,2
442,此房中间楼层，南北通透通风效果好，业主诚心出售,222,51153,0,43.4,0,0,0,3,0.5,0,1,12,193,1,1,1,0,6,0,1,0,1,0,0,0,0,1
443,地铁1号线6号线 2003年大两居 落地窗 大阳台,508,49121,0,103.42,0,1,0,2,0.25,0,0,12,193,1,1,1,0,18,0,0,0,0,0,1,0,0,2
444,金顶街五区 朝西向 一居室 中间楼层,335,49020,1,68.34,0,1,0,1,0.272727273,0,0,12,193,1,1,1,0,24,0,0,1,0,0,0,0,0,1
445,模式口西里小区门口位置，不上坡，出行方便,232,40202,0,57.71,0,0,1,1,0.5,0,1,12,193,1,1,1,3,6,0,1,0,1,0,0,0,0,2
446,苹果园小区三区简单两室，双电梯,355,47492,0,74.75,0,1,0,3,0.285714286,0,0,12,193,1,1,1,2,16,0,0,0,0,1,0,0,0,2
447,带正规客厅的两居室 满五年唯一 诚心出售,243,36791,0,66.05,0,0,1,1,0.25,0,1,12,193,1,1,1,3,6,0,1,0,1,0,0,0,0,2
448,建疗宿舍 南北通透两居室 全明格局 采光好无遮挡,234,39790,0,58.81,0,0,1,1,0.333333333,0,1,12,193,1,1,1,3,5,0,1,1,1,0,0,0,0,2
449,2006年中间楼层明厨明卫户型,402,42223,0,95.21,0,1,0,1,0.272727273,0,0,12,193,1,1,1,0,20,0,0,0,0,0,0,0,1,2
450,模式口北里 南北朝向 格局合理 采光好,410,40315,1,101.7,0,0,1,1,0.5,0,1,12,193,2,1,1,3,3,0,1,0,1,0,0,0,0,2
451,苹果园小区二区正规三居室，户型方正，满五唯一,378,44092,0,85.73,0,1,0,2,0.285714286,0,0,12,193,1,1,1,3,16,0,1,1,1,0,0,0,0,3
452,海特花园，满五年唯一住房，明厨明卫，视野开阔无遮挡,468,48104,0,97.29,0,1,0,0,0.25,0,0,12,193,1,1,1,3,18,1,0,0,0,0,0,0,1,3
453,房本满五年 带电梯，高楼层，南向，视野好采光足,428,46776,0,91.5,0,1,0,1,0.333333333,0,0,12,193,1,1,1,2,18,0,1,0,0,0,0,0,0,2
454,此房是塔楼带电梯，正规三居室，高楼层，交通便利。,285,43914,0,64.9,0,1,0,2,0.285714286,0,0,12,193,1,1,1,2,16,0,0,0,0,0,0,0,1,3
455,南北通透  精装修  明厨明卫 落地窗,909,57854,0,157.12,0,0,0,0,0.5,1,0,12,193,2,1,2,3,10,0,1,0,1,0,0,0,0,3
456,海特花园三居室，客厅大，带双卫，南北通透。,680,47969,0,141.76,0,0,1,0,0.5,0,1,12,193,2,1,2,2,7,0,1,0,1,0,0,0,0,3
457,西井一区 停车免费  价格可谈 诚心卖,318,39420,0,80.67,0,0,1,2,0.5,0,1,12,193,1,1,1,3,6,1,0,1,0,0,0,0,0,4
458,业主诚心出售，有租赁车位，满五年家庭名下一套住房,405,41556,0,97.46,0,1,0,1,0.272727273,0,0,12,193,2,1,1,1,24,0,0,0,1,0,0,1,0,2
459,西山枫林三期南北通透商品房满五年,593,46734,0,126.89,0,0,0,1,0.5,0,0,12,193,1,1,2,4,10,0,1,0,1,0,0,0,0,3
460,苹果园三区格局方正，正规两室，低楼层方便出行,370,53748,0,68.84,0,0,1,1,0.5,0,1,12,193,1,1,1,4,6,1,0,1,0,0,0,0,0,2
461,海特花园三居室两厅，南北通透。,438,40162,1,109.06,0,0,1,1,0.5,0,1,12,193,2,1,1,0,7,0,1,0,1,0,0,0,0,3
462,模式口东里 2室2厅 南 北,380,37226,0,102.08,0,0,1,0,0.5,0,1,12,193,2,1,1,1,3,0,1,0,1,0,0,0,0,2
463,西山枫林四期南北双卫四居室 看房方便小区安静,531,42515,0,124.9,0,0,1,1,0.5,0,1,12,193,1,1,2,3,6,0,1,0,1,0,0,0,0,4
464,雍景天成 南北通透 小区门口地铁 双明卫采光好 不临街,813,58515,0,138.94,0,0,0,0,0.5,1,0,12,193,2,1,2,1,10,0,1,0,1,0,0,0,0,2
465,海特花园小区南北通透四居室商品房。,656,44250,1,148.25,1,0,1,0,0.5,0,1,12,193,3,1,2,2,7,0,1,0,1,0,0,0,0,4
466,雍景四季 南向复式 30平挑空客厅 满五年 中间位置,1260,61491,0,204.91,1,2,0,0,0.666666667,0,0,12,193,2,1,2,2,25,0,1,0,0,0,0,0,0,4
467,金四区板楼南北通透三居室 板楼三居室 满五唯一,463,46641,0,99.27,0,0,1,1,0.5,0,1,12,193,1,1,1,3,6,0,1,0,1,0,0,0,0,3
468,海特花园正规东向一居室，楼龄新，带电梯,289,46315,0,62.4,0,2,1,1,0.25,0,0,12,193,1,1,1,0,18,1,0,0,0,0,0,0,0,1
469,青年公寓 1室0厅 东 南,228,52342,0,43.56,0,2,0,1,0.142857143,0,0,12,193,0,1,1,0,14,1,1,0,0,0,0,0,0,1
470,海特花园东院满五年  小区安静，中楼层,409,50582,0,80.86,0,0,1,1,0.333333333,0,1,12,193,1,1,1,0,7,1,0,0,1,0,0,0,0,2
471,海特花园小区 5室2厅 东南 北,590,34664,0,170.21,0,1,0,1,0.285714286,0,0,12,193,2,1,2,2,18,0,0,0,1,1,0,0,0,5
472,模式口西里坡下位置中间楼层两居室,286,46595,0,61.38,0,0,1,1,0.333333333,0,1,12,193,1,1,1,0,6,0,1,0,1,0,0,0,0,2
473,整形医院家属院  南北通透 独立小区 停车充足,265,44961,0,58.94,0,0,1,1,0.333333333,0,1,12,193,1,1,1,2,6,0,1,0,1,0,0,0,0,2
474,青年公寓 1室0厅 南,210,46938,0,44.74,0,2,0,1,0.142857143,0,0,12,193,0,1,1,0,14,0,1,0,0,0,0,0,0,1
475,金顶阳光 精装南向两室 拎包入住 温馨舒适,480,53405,0,89.88,0,0,0,0,0.5,0,0,12,193,1,1,1,2,18,0,1,0,0,0,0,0,0,2
476,南北通透 房龄新 高楼层 无遮挡 诚心出售,440,48678,0,90.39,0,0,0,0,0.5,0,0,12,193,1,1,1,3,21,0,1,0,1,0,0,0,0,2
477,赵山南北通透，低楼层，交通便利！,289,48760,1,59.27,0,0,1,0,0.333333333,0,1,12,193,1,1,1,4,6,0,1,0,1,0,0,0,0,2
478,模式口南里 2室1厅 南 北,280,45865,0,61.05,0,0,0,0,0.333333333,0,1,12,193,1,1,1,2,6,0,1,0,1,0,0,0,0,2
479,模式口南里一居室，主卧客厅都带阳台中间楼层带电梯,289,46359,0,62.34,0,1,0,1,0.285714286,0,0,12,193,1,1,1,0,16,0,1,0,0,0,0,0,0,1
480,海特花园满五年精装修，带正规厅,355,56637,0,62.68,0,0,0,0,0.5,0,1,12,193,1,1,1,3,7,1,0,1,0,0,0,0,0,2
481,赵山顶层（3层）视野好，通风好,310,46779,0,66.27,0,0,1,1,0.5,0,1,12,193,1,1,1,3,3,0,0,0,0,1,0,0,1,2
482,双阳台，采光好，中高楼层优质电梯房,310,49728,1,62.34,0,1,0,0,0.285714286,0,0,12,193,1,1,1,0,16,0,1,0,0,0,0,0,0,1
483,石景山模式口西里门口位置南向两居室采光好，出行方便,230,42569,0,54.03,0,0,1,1,0.333333333,0,1,12,193,1,1,1,3,6,0,1,0,0,0,0,0,0,2
484,此房楼层比较高，视野开阔，采光充足,208,34847,1,59.69,0,0,1,2,0.5,0,1,12,193,1,1,1,3,6,1,0,1,0,0,0,0,0,2
485,模式口西里自住两居室，采光充足，视野开阔,255,40164,0,63.49,0,0,1,1,0.5,0,1,12,193,1,1,1,3,6,1,0,1,0,0,0,0,0,2
486,模式口西里小区口带正规客厅，满五年唯一商品房,290,44685,1,64.9,0,1,0,0,0.285714286,0,0,12,193,1,1,1,4,16,1,0,0,0,0,0,0,1,2
487,苹果园三区满五年适合老人孩子低楼层,340,45681,0,74.43,0,1,0,0,0.285714286,0,0,12,193,1,1,1,4,16,0,1,1,1,0,0,0,0,2
488,模式口南里 2室1厅 南,298,49420,0,60.3,0,1,0,2,0.285714286,0,0,12,193,1,1,1,0,16,0,1,0,0,0,0,0,0,2
489,板楼南北通透一居室，中间楼层，全明格局,215,48348,0,44.47,0,0,0,2,0.5,0,1,12,193,1,1,1,0,6,0,1,0,1,0,0,0,0,1
490,苹果园一区   6号线杨庄站旁  钢混结构  首套首付83万,215,48742,0,44.11,0,0,0,1,0.5,0,1,12,193,1,1,1,3,6,1,0,1,0,0,0,0,0,1
491,杨庄地铁口2000年正规两居室,345,45860,0,75.23,0,1,0,1,0.25,0,0,12,193,2,1,1,1,18,0,0,1,0,0,0,0,0,2
492,琳琅庄园  南北通透两居室  满五年且家庭名下无二套,579,53144,0,108.95,0,0,0,2,0.5,0,0,12,193,1,1,1,3,9,0,1,0,1,0,0,0,0,2
493,满五唯一， 南北通透一居室，地铁边，钢混结构,258,59557,0,43.32,0,0,0,2,0.5,0,1,12,193,1,1,1,0,6,0,1,0,1,0,0,0,0,1
494,模式口东里正规两居室，采光好，满五年唯一,243,40413,1,60.13,0,0,1,1,0.5,0,1,12,193,1,1,1,3,6,1,0,1,0,0,0,0,0,2
495,海特花园 2002年两居室 半封闭阳台 随时看房,434,46220,0,93.9,0,1,1,2,0.25,0,0,12,193,1,1,1,3,18,0,0,0,0,0,0,0,1,2
496,西黄新村北里 2002年房龄 正规一居室,342,46512,0,73.53,0,1,0,1,0.272727273,0,0,12,193,1,1,1,0,24,0,0,1,0,0,0,0,0,1
497,模式口西里 坡下位置 东西朝向 交通便利 格局合理,239,38938,0,61.38,0,0,1,2,0.333333333,0,1,12,193,1,1,1,3,6,1,0,1,0,0,0,0,0,2
498,模式口西里 2室1厅 南,259,47272,0,54.79,0,0,0,1,0.333333333,0,1,12,193,1,1,1,4,6,0,1,0,0,0,0,0,0,2
499,海特花园正规一室一厅 楼龄新 板楼中间层,313,47047,0,66.53,0,0,1,0,0.5,0,1,12,193,1,1,1,0,7,0,1,0,1,0,0,0,0,1
500,苹果园商圈  板楼中间层 ，南北通透，看房方便,326,53009,0,61.5,0,0,1,1,0.333333333,0,1,12,193,1,1,1,0,6,0,1,0,1,0,0,0,0,2
501,满五年唯一住房 南北通透 没有遮挡 格局方正,213,41513,0,51.31,0,0,1,0,0.5,0,1,12,193,1,1,1,3,5,0,1,0,1,0,0,0,0,2
502,金顶街五区  全明格局精装修两居室  2006年房龄,445,44855,0,99.21,0,1,0,1,0.272727273,0,0,12,193,1,1,1,0,24,0,0,0,0,0,1,0,0,2
503,南北通透两居室，满五年唯一，随时签约,285,43459,0,65.58,0,0,1,1,0.5,0,1,12,193,1,1,1,3,7,0,1,0,1,0,0,0,0,2
504,海特花园小区，满五年唯一成本价,420,42220,0,99.48,0,0,0,1,0.5,0,1,12,193,1,1,1,2,7,1,0,1,0,0,0,0,0,2
505,金顶街四区 全南朝向 采光好 无遮挡,316,49922,0,63.3,0,0,1,0,0.333333333,0,1,12,193,1,1,1,0,6,0,1,0,0,0,0,0,0,1
506,西井小区三区 2室1厅 东北,360,50683,0,71.03,0,0,1,2,0.333333333,0,1,12,193,1,1,1,2,6,0,0,0,0,0,1,0,0,2
507,西山枫林一二期东西通透两居室，楼龄新,529,55956,0,94.54,0,0,0,1,0.333333333,0,0,12,193,1,1,1,1,11,1,0,1,0,0,0,0,0,2
508,海特花园满五年唯一商品房，厨房卫生间带窗户,273,47438,0,57.55,0,0,1,1,0.5,0,1,12,193,1,1,1,0,6,0,1,0,1,0,0,0,0,1
509,临杨庄地铁站，满五年，1999年房龄,445,42666,0,104.3,2,0,1,2,0.5,0,1,12,193,1,1,1,3,7,0,1,0,0,0,0,0,0,1
510,金顶街五区东南两居  满五唯一商品房  有车位,479,46036,0,104.05,0,1,0,1,0.375,0,0,12,193,1,1,1,2,24,0,0,0,0,1,0,0,0,2
511,赵山供电局宿舍 2室1厅 北 南,299,48993,0,61.03,0,0,1,0,0.333333333,0,1,12,193,1,1,1,0,6,0,1,0,1,0,0,0,0,2
512,此房中间楼层，采光好，视野开阔。,226,39366,0,57.41,0,0,1,2,0.333333333,0,1,12,193,1,1,1,0,6,0,1,0,1,0,0,0,0,2
513,教工楼  精装两居室  中间楼层  带车位,252,50140,1,50.26,0,0,1,0,0.333333333,0,1,12,193,1,1,1,0,6,0,1,0,0,0,0,0,0,2
514,工疗宿舍 正规一居 首套首付87万  钥匙房随时看,188,44351,0,42.39,0,0,1,1,0.333333333,0,1,12,193,1,1,1,0,5,0,1,0,0,0,0,0,0,1
515,西山枫林三期  满五年唯一 两居室,435,53296,0,81.62,0,0,0,1,0.333333333,0,0,12,193,1,1,1,2,10,1,0,1,0,0,0,0,0,2
516,金顶街二区 东向两居 视野无遮挡 满五年唯一 中等装修,455,44534,0,102.17,0,1,0,0,0.272727273,0,0,12,193,1,1,1,1,18,1,0,0,0,0,0,0,0,2
517,模式口西里 中间楼层 精装修 南北朝向 格局合理,266,42156,0,63.1,0,0,0,0,0.333333333,0,1,12,193,1,1,1,0,6,0,1,0,1,0,0,0,0,2
518,模式口南里南北通透一居室 满五年中间楼层   钢混结构,235,54741,0,42.93,0,0,0,1,0.5,0,1,12,193,1,1,1,0,6,0,1,0,1,0,0,0,0,1
519,精装修 满五年唯一住房 业主诚心出售,416,49173,0,84.6,0,1,0,0,0.272727273,0,0,12,193,1,1,1,1,21,0,0,1,0,0,0,0,0,2
520,金顶街二区 正规两居室  采光好,445,43791,0,101.62,0,1,0,1,0.272727273,0,0,12,193,1,1,1,1,20,0,0,0,0,1,0,0,0,2
521,模式口南里正规两居室 满五唯一 中高楼层 视野好！,309,47612,0,64.9,0,1,0,0,0.285714286,0,0,12,193,1,1,1,2,16,1,0,0,1,0,0,0,0,2
522,模式口南里南北通透两居室  有电梯  满五唯一,350,54399,0,64.34,0,2,0,0,0.666666667,0,0,12,193,1,1,1,0,14,0,1,0,1,0,0,0,0,2
523,金顶街五区满五唯一 西南朝向，采光不受影响,485,44950,0,107.9,0,1,0,1,0.375,0,0,12,193,1,1,1,1,24,0,0,0,0,0,0,1,0,2
524,金顶街五区东南两居  满五年唯一  楼龄新,449,49995,0,89.81,0,1,0,1,0.272727273,0,0,12,193,1,1,1,4,24,0,0,0,0,1,0,0,0,2
525,模式口南里南北通透一居室，低楼层，近地铁,213,54616,0,39,0,0,0,1,0.5,0,1,12,193,1,1,1,4,6,0,1,0,1,0,0,0,0,1
526,模式口南里 2室1厅 南 北,276,44922,0,61.44,0,0,0,1,0.5,0,1,12,193,1,1,1,2,6,0,1,0,1,0,0,0,0,2
527,赵山小区 有钥匙 南北通透 明厨明卫两居室出售,249,42623,0,58.42,0,0,1,0,0.333333333,0,1,12,193,1,1,1,3,6,0,1,0,1,0,0,0,0,2
528,海特花园电梯房 2000年楼龄 正规三局,439,42355,0,103.65,0,1,0,1,0.25,0,0,12,193,1,1,1,1,18,0,0,0,0,1,0,0,0,3
529,海特花园小区 3室2厅 东南,868,33052,0,262.62,0,0,1,2,0.142857143,0,0,12,193,2,1,2,3,5,0,0,0,0,1,0,0,0,3
530,琳琅庄园 1室1厅 西,345,45270,0,76.21,0,1,0,2,0.181818182,0,0,12,193,1,1,1,3,16,0,0,1,0,0,0,0,0,1
531,金顶街四区  全南向格局 诚心出售,385,49070,0,78.46,0,1,0,1,0.25,0,0,12,193,1,1,1,2,18,0,1,0,0,0,0,0,0,2
532,房子是满五年的，三居户型，小区居住舒适安静,428,46406,0,92.23,0,0,1,1,0.5,0,1,12,193,1,1,1,3,6,0,1,0,1,0,0,0,0,3
533,金顶街三区 东南二居室 低楼层 诚心出售,410,46177,1,88.79,0,1,0,1,0.272727273,0,0,12,193,1,1,1,4,24,0,0,0,0,1,0,0,0,2
534,海特花园小区塔楼高楼层两居室，视野好，看房方便,380,45293,0,83.9,0,1,0,1,0.285714286,0,0,12,193,1,1,2,2,18,0,1,1,0,0,0,0,0,2
535,金顶街青年公寓南向一居室 满五唯一 全明格局 有电梯,228,52342,0,43.56,0,2,0,0,0.142857143,0,0,12,193,0,1,1,2,14,1,1,0,0,0,0,0,0,1
536,模式口南里 1室1厅 南 北,215,50082,0,42.93,0,0,0,1,0.5,0,1,12,193,1,1,1,3,6,0,1,0,1,0,0,0,0,1
537,满五年唯一，2004年楼龄，距离杨庄地铁站800米,300,50616,0,59.27,0,2,1,2,0.25,0,0,12,193,1,1,1,0,18,0,0,1,0,0,0,0,0,1
538,铸造村 2室1厅 南,375,45968,0,81.58,0,1,0,0,0.285714286,0,0,12,193,1,1,1,1,16,0,1,0,0,0,0,0,0,2
539,西井二区 南北通透两居室 明厨明卫户型好,259,56098,0,46.17,0,0,1,2,0.5,0,1,12,193,1,1,1,4,5,0,1,0,1,0,0,0,0,2
540,西井二区 南北通透 三居室 采光好,259,41328,0,62.67,0,0,1,2,0.5,0,1,12,193,1,1,1,3,6,0,1,0,1,0,0,0,0,3
541,金顶北路九号院 1室1厅 南 西,235,48058,0,48.9,0,0,1,2,0.25,0,1,12,193,1,1,1,2,6,0,1,1,0,0,0,0,0,1
542,启迪香山 1室1厅 北,245,62676,0,39.09,4,2,0,2,0.020618557,0,0,12,193,0,0,0,2,9,0,0,0,1,0,0,0,0,2
543,琳琅庄园 2室2厅 西南,530,46561,0,113.83,0,1,0,2,0.25,0,0,12,193,2,1,1,1,16,0,0,0,0,0,0,1,0,2
544,六一小学教工楼 南北通透 满五年,246,44883,0,54.81,4,0,1,2,0.25,0,2,12,193,1,1,1,4,4,0,1,0,1,0,0,0,0,2
545,启迪香山 安静小区 户型方正 无浪费,205,43004,0,47.67,4,2,0,2,0.020618557,0,0,12,193,0,0,0,2,9,1,0,0,0,0,0,0,0,3
546,金顶街四区 2室1厅 东 西,259,44495,0,58.21,4,0,0,2,0.333333333,0,1,12,193,1,1,1,3,6,1,0,1,0,0,0,0,0,2
547,模式口西里 2室1厅 西 北,288,44376,0,64.9,0,1,0,2,0.285714286,0,0,12,193,1,1,1,0,16,0,0,1,1,0,0,0,0,2
548,广宁村 南北通透两居室 装修不错 诚心出售,199,33764,0,58.94,0,0,1,1,0.5,0,1,12,193,1,1,1,3,6,0,1,0,1,0,0,0,0,2
549,八大处山庄  独栋别墅      诚心出售,2680,84198,0,318.3,4,4,1,0,1,2,2,12,193,4,2,5,4,3,0,1,0,1,0,0,0,0,8
550,庐师山庄联排户型 采光好 不临街,3300,61647,0,535.31,4,0,0,2,1,1,0,12,193,2,1,3,5,2,0,1,0,1,0,0,0,0,5
551,苹果园西井四区正规三居室  满五业主名下只有一套住房,389,39489,0,98.51,0,0,1,0,0.333333333,0,1,12,193,1,1,1,2,6,0,0,1,1,0,0,0,0,3
552,启迪香山 2室1厅 东,237,49832,1,47.56,4,2,0,2,0.020618557,0,0,12,193,0,0,0,1,9,1,0,0,0,0,0,0,0,3
553,启迪香山 朝东向 带电梯 落地窗,254,52210,0,48.65,4,2,0,0,0.020618557,0,0,12,193,0,0,0,1,9,1,0,0,0,0,0,0,0,3
554,启迪香山 安静小区 户型方正 无浪费,238,49739,0,47.85,4,2,0,2,0.020618557,0,0,12,193,0,0,0,1,9,1,0,0,0,0,0,0,0,3
555,西井三区南北通透三居室，楼层合适，格局方正,445,57989,0,76.74,0,0,1,1,0.5,0,1,12,193,1,1,1,0,6,0,1,0,1,0,0,0,0,3
556,雍景双庐 满五年唯一 商品房 近地铁,660,50294,0,131.23,0,1,0,2,0.272727273,0,0,12,193,2,1,2,2,25,0,0,0,0,1,0,0,0,3
557,启迪香山 安静小区 户型方正 无浪费,278,58638,0,47.41,4,2,0,2,0.020618557,0,0,12,193,0,0,0,0,9,1,0,0,0,0,0,0,0,2
558,启迪香山小区 房龄新  有电梯,268,68560,0,39.09,4,2,0,2,0.020618557,0,0,12,193,0,0,0,2,9,0,0,0,1,0,0,0,0,2
559,启迪香山朝西向 低楼层 不临街,272,57372,0,47.41,4,2,0,0,0.020618557,0,0,12,193,1,1,1,4,9,0,0,1,0,0,0,0,0,2
560,金顶街五区全南两居室 南侧不临街 采光无遮挡,496,51410,0,96.48,0,1,0,1,0.272727273,0,0,12,193,1,1,1,0,24,0,1,0,0,0,0,0,0,2
561,启迪香山朝东向 中楼层 不临街,279,58162,1,47.97,4,2,0,2,0.020618557,0,0,12,193,0,0,0,0,9,1,0,0,0,0,0,0,0,3
562,启迪香山  诚心出售 精装修 看房方便,279,58454,0,47.73,4,2,0,2,0.020618557,0,0,12,193,0,0,0,0,9,1,0,0,0,0,0,0,0,3
563,启迪香山朝西向  低楼层  不临街,236.5,49426,0,47.85,4,2,0,2,0.020618557,0,0,12,193,0,0,0,1,9,0,0,1,0,0,0,0,0,1
564,启迪香山   中楼层  朝西向 2017年,242,50734,0,47.7,4,2,0,2,0.020618557,0,0,12,193,0,0,0,0,9,0,0,1,0,0,0,0,0,3
565,启迪香山 带电梯 交通方便 房龄新,285,59413,0,47.97,4,2,0,2,0.020618557,0,0,12,193,0,0,0,2,9,0,0,1,0,0,0,0,0,3
566,业主诚心出售 看房方便，2016年楼龄,189,44440,0,42.53,4,0,0,2,0.076923077,0,0,12,193,0,0,0,1,15,0,0,0,0,1,0,0,0,2
567,启迪香山   朝西向    低楼层,218,45560,0,47.85,4,2,0,2,0.020618557,0,0,12,193,0,0,0,1,9,0,0,1,0,0,0,0,0,3
568,海特花园小区 2室1厅 东南,309,48831,0,63.28,4,1,0,0,0.181818182,0,0,12,193,1,1,1,1,18,0,0,0,0,1,0,0,0,2
569,四季之美，西山之便。都在此房中。,420,64172,0,65.45,0,2,0,0,0.5,0,0,12,193,1,1,1,1,16,0,0,0,0,0,0,0,1,1
570,海特花园 四室两卫 没有抵押 产权清晰 诚心出售,508,29846,0,170.21,4,1,0,1,0.285714286,0,0,12,193,2,1,2,0,18,0,1,0,0,0,1,0,0,4
571,苹果汇 1室0厅 南,190,41359,0,45.94,0,0,0,2,0.076923077,0,0,12,193,0,0,0,0,15,0,1,0,0,0,0,0,0,1
572,启迪香山 安静小区 户型方正 无浪费,228,48092,0,47.41,4,2,0,2,0.020618557,0,0,12,193,0,0,0,1,9,1,0,0,0,0,0,0,0,3
573,海特花园小区 4室2厅 东南 西北,495,29082,0,170.21,4,1,0,2,0.285714286,0,0,12,193,2,1,2,1,18,0,0,0,0,1,0,0,1,4
574,海特花园小区 1室1厅 东 西,275,50748,0,54.19,0,0,1,1,0.5,0,1,12,193,1,1,1,1,6,1,0,1,0,0,0,0,0,1
575,金福苑 2室1厅 南 北,418,54957,0,76.06,0,0,1,2,0.5,0,1,12,193,1,1,1,0,6,0,1,0,1,0,0,0,0,2
576,苹果汇 地铁口的次新房  2016年楼龄,209,38202,0,54.71,0,0,0,0,0.076923077,0,0,12,193,0,0,0,0,15,0,1,0,0,0,0,0,0,2
577,苹果园小区三区 2室1厅 东南,369,49577,0,74.43,0,1,0,1,0.285714286,0,0,12,193,1,1,1,0,16,0,0,0,0,1,0,0,0,2
578,苹果园地铁100米以内，诚心出售,396,53959,0,73.39,4,0,0,2,0.076923077,0,0,12,193,0,0,0,3,15,1,0,0,0,0,0,0,0,3
579,金顶街五区 诚心出售 随时签约,435,51953,0,83.73,0,1,0,1,0.272727273,0,0,12,193,1,1,1,0,24,0,0,0,0,1,0,0,0,2
580,精装修大两居，南北通透，楼层好位置佳，居住舒适,420,37917,0,110.77,0,2,0,0,0.5,1,0,1,61,2,1,1,2,22,0,1,0,1,0,0,0,0,2
581,沸城精装修两居 客厅和主卧朝南 户型合理,355,42032,0,84.46,0,2,0,0,0.666666667,0,0,1,61,1,1,1,0,25,0,1,0,0,0,0,0,0,2
582,沸城   视野宽阔    三居室,575,40419,1,142.26,0,2,0,0,0.666666667,0,0,1,61,1,1,2,2,25,0,1,0,1,0,0,0,0,3
583,新月家园  满五年唯一的正规两居室 户型方正,335,36793,0,91.05,0,0,1,0,0.25,0,1,1,61,1,1,1,2,6,0,1,0,1,0,0,0,0,2
584,晓月苑五里 3室1厅 东北 西南,409,34238,0,119.46,0,1,0,1,0.25,1,0,1,61,1,1,2,1,22,0,0,0,0,0,1,1,0,3
585,晓月苑二里两居室南北通透采光好,255,36544,0,69.78,0,0,1,1,0.5,0,1,1,61,1,1,1,3,6,0,1,0,1,0,0,0,0,2
586,低楼层 南北两居室 户型方正 产权清晰,261,48334,0,54,0,0,1,1,0.333333333,0,1,1,61,1,1,1,4,6,0,1,0,1,0,0,0,0,2
587,卢沟桥南里  南北通透 正规小两居 随时看房,240,40845,0,58.76,0,0,1,1,0.333333333,0,1,1,61,1,1,1,2,6,0,1,0,1,0,0,0,0,2
588,五环内 晓月新城 正规两居室 精装修 满五年唯一,302,38209,0,79.04,0,1,0,0,0.222222222,1,0,1,61,1,1,1,3,24,0,0,0,0,0,1,0,0,2
589,沸城精装三居室，满五年唯一，中间楼层，全明格局,496,41077,0,120.75,0,2,0,2,0.666666667,0,0,1,61,1,1,2,0,25,0,0,0,0,1,0,0,0,3
590,卢沟桥南里 正规两居室 满五唯一 诚心出售,226,42236,0,53.51,0,0,1,2,0.333333333,0,1,1,61,1,1,1,2,6,1,0,1,0,0,0,0,0,2
591,晓月苑二里 南北 一室一厅 看房方便,229,42796,0,53.51,0,0,1,1,0.5,0,1,1,61,1,1,1,4,6,0,1,0,1,0,0,0,0,1
592,五环内 晓月苑五里 正规一居室 满五年唯一,228,39556,0,57.64,0,1,0,1,0.181818182,1,0,1,61,1,1,1,2,22,0,0,0,0,0,0,0,1,1
593,晓月五里 首套购房契税1% 商品房 带电梯 精装修,249,39783,0,62.59,0,1,0,1,0.181818182,1,0,1,61,1,1,1,1,22,0,0,0,0,0,0,1,0,1
594,新月家园正规3居南北通透低楼层满五年唯一诚心出售,490,42591,1,115.05,0,0,1,1,0.5,0,1,1,61,1,1,1,1,6,0,1,0,1,0,0,0,0,3
595,满五唯一 精装修 三居室 中间楼层,509,40095,0,126.95,0,2,0,2,0.666666667,0,0,1,61,1,1,2,0,23,0,1,0,1,0,0,0,0,3
596,银海星月 3室1厅 南 北,680,52624,0,129.22,0,0,1,2,0.5,0,1,1,61,1,1,2,1,6,0,1,0,1,0,0,0,0,3
597,卢沟桥南里 房主诚心出售 看房方便,260,52314,0,49.7,0,0,1,1,0.333333333,0,1,1,61,1,1,1,3,5,0,1,0,0,0,0,0,0,2
598,晓月新城，满五唯一两居室业主诚心出售,345,36466,0,94.61,0,1,0,2,0.222222222,1,0,1,61,1,1,1,1,24,0,0,0,0,0,0,1,0,2
599,满五唯一，中间层，南北通透，小两居业主诚心出售,316,59623,0,53,0,0,1,0,0.333333333,0,1,1,61,1,1,1,4,5,0,1,0,1,0,0,0,0,3
600,卢沟桥南里 满五年唯一 中间楼层,240,43267,0,55.47,0,0,1,2,0.333333333,0,1,1,61,1,1,1,0,6,0,1,0,0,0,0,0,0,2
601,新月家园  南北通透  前后无遮挡采光好,368,39957,0,92.1,0,0,1,1,0.5,0,1,1,61,1,1,1,3,6,0,1,0,1,0,0,0,0,2
602,满两年，采光视野良好，诚心出售，价格能谈,330,47599,1,69.33,0,0,0,1,0.5,0,1,1,61,1,1,1,3,6,1,0,1,0,0,0,0,0,2
603,五环内大两居 满五年唯一住房  室内干净整洁,350,38424,1,91.09,0,2,0,0,0.5,1,0,1,61,1,1,1,1,22,0,0,0,0,0,1,0,0,2
604,新月家园小区，2002年商品房，正规一居室,295,43841,0,67.29,0,0,1,2,0.25,0,1,1,61,1,1,1,0,6,0,0,1,0,0,0,0,0,1
605,南北通透的正规一居 格局合理 采光好,220,40161,0,54.78,0,0,1,1,0.5,0,1,1,61,1,1,1,3,6,0,1,0,1,0,0,0,0,1
606,新月家园 正规一居室 满五年唯一 业主诚心出售,278,42224,0,65.84,0,0,1,1,0.25,0,1,1,61,1,1,1,0,6,0,0,0,0,0,1,0,0,1
607,晓月苑五里 07年一居室 落地窗,305,43747,0,69.72,0,2,0,2,0.4,1,0,1,61,1,1,1,0,22,0,0,0,0,1,0,0,0,1
608,卢沟桥南里 正规两居室 业主诚心出售,305,35615,1,85.64,0,0,1,1,0.5,0,1,1,61,1,1,1,3,6,1,0,1,0,0,0,0,0,2
609,晓月苑二里 3室1厅 335万,335,38077,0,87.98,0,0,1,1,0.5,0,1,1,61,1,1,1,3,6,0,1,0,1,0,0,0,0,3
610,南向正规两居室，格局方正，产权清晰,212,47662,1,44.48,0,0,1,2,0.333333333,0,1,1,61,1,1,1,2,6,0,1,0,0,0,0,0,0,2
611,五环内板楼 晓月苑二里 南北通透三居室 业主诚意出售,385,41430,0,92.93,0,0,1,1,0.25,0,1,1,61,1,1,1,1,6,0,1,0,1,0,0,0,0,3
612,银海星月 南北通透 双卫把边全明户型 带一个租赁车位,409,39694,1,103.04,0,0,1,1,0.5,0,1,1,61,2,1,2,3,6,0,1,0,1,0,0,0,0,2
613,晓月苑五里 大三居 满五年唯一 有钥匙随时可以看房,403,33736,0,119.46,0,1,0,1,0.25,1,0,1,61,1,1,2,1,22,0,0,0,0,0,1,1,0,3
614,银海星月 2室2厅 南 北,475,45854,1,103.59,0,0,1,2,0.5,0,1,1,61,2,1,2,0,6,0,1,0,1,0,0,0,0,2
615,晓月苑五里 2室1厅 南 西,350,36394,0,96.17,0,1,0,1,0.25,1,0,1,61,1,1,1,2,22,0,1,1,0,0,0,0,0,2
616,南北双阳台 三居室 视野开阔安静 没有吵闹之声,335,38264,0,87.55,0,0,1,1,0.5,0,1,1,61,1,1,1,3,6,0,1,0,1,0,0,0,0,3
617,沸城南北精装三居室，高楼层视野好,560,39096,0,143.24,0,2,0,2,0.666666667,0,0,1,61,2,1,2,0,25,0,1,0,1,0,0,0,0,3
618,沸城 南北向三居室 业主诚心出售 户型方正,508,38582,0,131.67,0,2,0,1,0.666666667,0,0,1,61,1,1,2,1,25,0,1,0,1,0,0,0,0,3
619,晓月苑北里  南北通透 户型好 满五唯一,308,39985,0,77.03,0,0,1,1,0.5,0,1,1,61,1,1,1,2,6,0,1,0,1,0,0,0,0,2
620,沸城 南北通透三居室，采光充足，双卫生间 精装修,530,41310,0,128.3,0,2,0,1,0.666666667,0,0,1,61,1,1,2,2,25,0,1,0,1,0,0,0,0,3
621,西南五环内 晓月苑二里 南北通透 两居室,281,39690,0,70.8,0,0,1,1,0.5,0,1,1,61,1,1,1,2,6,0,1,0,1,0,0,0,0,2
622,沸城南北通透三居，户型方正格局合理，高楼层视野好,558,38956,0,143.24,0,2,0,1,0.666666667,0,0,1,61,1,1,2,2,25,0,1,0,1,0,0,0,0,3
623,晓月苑三里 六层板楼  满五  看房随时,355,35690,0,99.47,0,0,1,1,0.5,0,1,1,61,2,1,1,3,6,0,1,0,1,0,0,0,0,2
624,五环内 三居室 满五年唯一 看房方便,388,37212,0,104.27,0,1,0,0,0.25,1,0,1,61,1,1,1,1,22,0,0,0,0,0,1,0,0,3
625,卢沟桥南里小区  南北向正规两居室  2002年建成,330,41852,0,78.85,0,0,1,2,0.5,0,1,1,61,1,1,1,2,6,0,1,0,1,0,0,0,0,2
626,晓月新城 大两居 采光充足 满五年唯一,390,38060,0,102.47,0,1,0,0,0.222222222,1,0,1,61,1,1,1,0,24,0,0,0,0,0,0,1,0,2
627,卢沟桥南里甲八号院 2室1厅 南 北,305,40765,0,74.82,0,0,1,1,0.5,0,1,1,61,1,1,1,2,6,0,1,0,1,0,0,0,0,2
628,卢沟桥南里 正规一居室 中间楼层 全南向 明厨明卫,209,43588,1,47.95,0,0,1,1,0.333333333,0,1,1,61,1,1,1,0,6,0,1,0,0,0,0,0,0,1
629,满五唯一 精装修大两居室 格局好 无浪费,365,38313,0,95.27,0,1,0,0,0.25,1,0,1,61,1,1,1,1,24,1,0,0,0,0,0,0,0,2
630,东南向大两居，满五年唯一，看房有钥匙，靠谱出售,376,39806,0,94.46,0,1,0,1,0.166666667,1,0,1,61,1,1,1,1,15,0,0,0,0,1,0,0,0,2
631,鑫融皓月小区 2008年商品房 环境干净,415,46740,0,88.79,0,0,0,0,0.333333333,0,1,1,61,1,1,1,0,6,1,0,1,0,0,0,0,0,2
632,卢沟桥北里 南北两居 诚心出售,255,47906,0,53.23,0,0,1,1,0.333333333,0,1,1,61,1,1,1,3,5,0,1,0,1,0,0,0,0,2
633,全南向一居室  满五唯一 格局方正,270,42974,0,62.83,0,2,0,1,0.4,1,0,1,61,1,1,1,0,21,0,1,0,0,0,0,0,0,1
634,南北通透25平米方正客厅，双卧朝南不临街。,460,40698,0,113.03,0,0,1,0,0.5,0,1,1,61,1,1,1,2,6,0,1,0,1,0,0,0,0,3
635,晓月苑一里 精装修两居室 南北通透 满五年唯一,287,41486,1,69.18,0,0,1,0,0.5,0,1,1,61,1,1,1,2,6,0,1,0,1,0,0,0,0,2
636,卢沟桥南里 满五唯一 两居室 户型通透,235,44132,0,53.25,0,0,1,1,0.2,0,1,1,61,1,1,1,0,6,1,0,1,0,0,0,0,0,2
637,卢沟桥南里 2室1厅 南 北,281,43927,1,63.97,0,0,1,2,0.333333333,0,1,1,61,1,1,1,0,6,0,1,0,1,0,0,0,0,2
638,晓月苑二里 1室1厅 南,223,42356,0,52.65,0,0,1,0,0.5,0,1,1,61,1,1,1,2,6,0,1,0,0,0,0,0,0,1
639,此房满五年唯一，看房随时，业主诚心出售，楼层好！,310,55556,0,55.8,0,0,1,2,0.333333333,0,1,1,61,1,1,1,0,5,0,1,0,1,0,0,0,0,2
640,晓月新城 正规一居室 采光充足 视野好,245,44057,0,55.61,0,1,0,1,0.222222222,1,0,1,61,1,1,1,2,24,0,0,0,1,0,0,0,0,1
641,卢沟桥南里甲八号院 满五唯一 诚心出售,290,30614,0,94.73,0,0,1,2,0.5,0,1,1,61,1,1,1,1,6,0,1,0,1,0,0,0,0,2
642,沸城  满五年唯一 西南向双卫三居 三房朝南 商品房,480,39739,0,120.79,0,2,0,0,0.666666667,0,0,1,61,1,1,2,0,25,0,0,0,0,0,0,1,0,3
643,房子2002年楼龄 业主随时签约,450,34534,0,130.31,0,0,1,2,0.5,0,1,1,61,1,1,2,4,6,1,0,1,0,0,0,0,0,3
644,沸城 南北通透 精装修 采光好 正规三居室,525,43264,1,121.35,0,2,0,0,0.666666667,0,0,1,61,1,1,1,2,25,0,1,0,1,0,0,0,0,3
645,银海星月 满五唯一 采光充足南北通透,488,46892,0,104.07,0,0,1,1,0.5,0,1,1,61,1,1,1,2,6,0,1,0,1,0,0,0,0,2
646,卢沟桥南里 2室2厅 西南,378,40795,0,92.66,0,0,1,2,0.5,0,1,1,61,2,1,1,1,6,0,0,0,0,0,0,1,0,2
647,卢沟桥南里  精装修  正规两居 拎包入住,265,45300,0,58.5,0,0,1,2,0.333333333,0,1,1,61,1,1,1,2,6,0,1,0,1,0,0,0,0,2
648,新月家园 南北通透 中楼层 视野好 满五年,615,40318,0,152.54,0,0,0,0,0.5,0,1,1,61,2,1,2,0,6,0,1,0,1,0,0,0,0,3
649,次顶层，南北通透，满五唯一，两居室业主诚心出售。,399,42904,1,93,0,0,1,2,0.5,0,1,1,61,1,1,1,2,6,0,1,0,1,0,0,0,0,2
650,银海星月  低楼层  南北通透 三居室 交通便利,660,52187,0,126.47,0,0,1,2,0.5,0,1,1,61,1,1,2,4,6,0,1,0,1,0,0,0,0,3
651,沸城小区，南北通透三居室，双卫，采光充足,520,40161,0,129.48,0,2,0,0,0.666666667,0,0,1,61,1,1,2,0,25,0,1,0,1,0,0,0,0,3
652,此房满五年唯一，南北通透楼层好，视野宽阔，采光充足,518,38557,0,134.35,0,2,0,1,0.333333333,0,0,1,61,1,1,2,1,14,0,1,0,1,0,0,0,0,3
653,晓月苑北里  正规两居 精装修 南北通透 低楼层,350,44232,0,79.13,0,0,1,0,0.5,0,1,1,61,1,1,1,1,6,0,1,0,1,0,0,0,0,2
654,晓月八里精装三居，南北通透，看房方便,519,42925,0,120.91,0,2,0,0,0.666666667,0,0,1,61,1,1,1,0,25,0,1,0,1,0,0,0,0,3
655,晓月新苑优质西向 采光充足 随时签约,219,48356,1,45.29,0,2,0,0,0.25,1,0,1,61,1,1,1,0,22,0,0,1,0,0,0,0,0,1
656,新月家园   三居室  双卫  中间楼层  随时签约,560,33362,0,167.86,0,0,1,1,0.5,0,1,1,61,1,1,2,0,6,0,1,0,1,0,0,0,0,3
657,晓月苑一里一层西北向正规两居室，看房随时,315,39834,0,79.08,0,0,1,0,0.25,0,1,1,61,1,1,1,4,6,0,0,0,0,0,0,0,1,2
658,晓月新城 北向一居 满五唯一 诚心出售,215,52312,0,41.1,0,1,0,2,0.222222222,1,0,1,61,0,1,1,1,24,0,0,0,1,0,0,0,0,1
659,卢沟桥北里 正规2居室 南北通透 精装修  低楼层,269,50498,1,53.27,0,0,1,1,0.333333333,0,1,1,61,1,1,1,4,5,0,1,0,1,0,0,0,0,2
660,满五年唯一，户型方正，南北通透三居 格局合理，,515,39146,0,131.56,0,2,0,1,0.666666667,0,0,1,61,1,1,2,1,25,0,1,0,1,0,0,0,0,3
661,南北通透 两居室 中间层 精装修,299,42636,0,70.13,0,0,1,0,0.5,0,1,1,61,1,1,1,0,6,0,1,0,1,0,0,0,0,2
662,新月家园 南北通透  满五唯一,352,38311,0,91.88,0,0,1,0,0.5,0,1,1,61,1,1,1,3,6,0,1,0,1,0,0,0,0,2
663,鑫融皓月中间层南北向两居诚心出售,436,48754,1,89.43,0,0,0,0,0.5,0,1,1,61,1,1,1,0,6,0,1,0,1,0,0,0,0,2
664,沸城低楼层三居室，西南朝向，业主自住,455,41151,1,110.57,0,2,0,0,0.5,0,0,1,61,1,1,1,4,23,0,1,1,1,0,0,0,0,3
665,沸城满五年唯一，南北通透三居，楼层好，采光充足,556,39084,0,142.26,0,2,0,0,0.666666667,0,0,1,61,1,1,2,1,25,0,1,0,1,0,0,0,0,3
666,晓月苑二里  满五年  正规三居室  装修好   随时签约,323,34553,0,93.48,0,0,1,0,0.25,0,1,1,61,1,1,1,2,6,1,0,1,0,0,0,0,0,3
667,银海星月，两居两卫，中间楼层，把边户型,499,48092,0,103.76,0,0,1,1,0.5,0,1,1,61,1,1,2,0,6,0,1,0,1,0,0,0,0,2
668,正规两居室  格局方正 业主诚心卖,460,45267,0,101.62,0,0,1,1,0.5,0,1,1,61,1,1,1,2,6,0,1,0,1,0,0,0,0,2
669,晓月苑二里 2室1厅 东 北,252,36062,1,69.88,0,2,1,0,0.25,0,1,1,61,1,1,1,3,6,1,0,0,1,0,0,0,0,2
670,五环内 晓月新城 正规两居室 中间楼层 满五年唯一,369,39098,1,94.38,0,1,0,0,0.222222222,1,0,1,61,1,1,1,0,24,1,0,0,0,0,0,0,0,2
671,晓月苑二里 东南向两居 满五年 中间楼层,290,36552,0,79.34,0,0,1,1,0.25,0,1,1,61,1,1,1,0,6,0,0,0,0,1,0,0,0,2
672,晓月苑一里   满五唯一 南北通透 精装修 一居室,224,40891,1,54.78,0,0,1,2,0.5,0,1,1,61,1,1,1,3,6,0,1,0,1,0,0,0,0,1
673,晓月新苑 通透优质两居 业主诚心出售,390,40174,0,97.08,0,2,0,1,0.4,1,0,1,61,1,1,1,0,21,0,1,0,1,0,0,0,0,2
674,晓月新苑 不临五环 诚心出售随时签约,348,37839,0,91.97,0,2,0,2,0.4,1,0,1,61,1,1,1,1,22,0,0,0,0,0,0,1,0,2
675,晓月苑三里 满五唯一 精装修 南北通透 诚心出售,280,39315,0,71.22,0,0,1,0,0.5,0,1,1,61,1,1,1,3,6,0,1,0,1,0,0,0,0,2
676,精致两居 南向采光充足 业主随时签约,340,38654,0,87.96,0,2,0,1,0.5,1,0,1,61,1,1,1,0,22,0,0,0,0,0,0,1,0,2
677,丰台区 南北通透 精装婚房 正规两居室 满五年唯一,215,46049,0,46.69,0,0,1,2,0.333333333,0,1,1,61,1,1,1,3,5,0,1,0,1,0,0,0,0,2
678,2007年板楼 南北通透 高楼层,352,36375,0,96.77,0,2,0,1,0.4,1,0,1,61,1,1,1,3,21,0,1,0,1,0,0,0,0,2
679,晓月新苑2007年楼龄 采光充足,324,37776,0,85.77,0,2,0,1,0.25,1,0,1,61,1,1,1,3,22,0,0,0,0,1,0,0,0,2
680,此房方正格局，南向大一居，采光充足，07年电梯板楼,295,43085,0,68.47,0,2,0,2,0.5,1,0,1,61,1,1,1,1,22,0,1,0,0,0,0,0,0,1
681,卢沟桥南里 南北通透 低楼层 交通便利,360,42579,0,84.55,0,0,1,2,0.5,0,1,1,61,1,1,1,1,6,0,1,0,1,0,0,0,0,2
682,银海星月 满五唯一 视野好 采光充足,410,41285,0,99.31,0,0,1,0,0.5,0,1,1,61,1,1,1,3,6,0,1,0,1,0,0,0,0,2
683,晓月苑五里，满五唯一，高楼层，一居室，业主诚心出售,265,46297,0,57.24,0,1,0,2,0.181818182,1,0,1,61,1,1,1,2,22,0,1,0,1,0,0,0,0,1
684,满五唯一 一层南向 免费车位 免费厨房,220,56716,0,38.79,0,0,1,1,0.333333333,0,1,1,61,1,1,1,4,6,0,1,0,0,0,0,0,0,1
685,晓月苑五里 满五年唯一 电梯房 户型方正实用 采光充足,239,41364,0,57.78,0,1,0,1,0.181818182,1,0,1,61,1,1,1,1,22,0,0,0,0,1,0,0,0,1
686,晓月苑二里低楼层，满五非唯一，两居室，业主诚心出售,283,42672,0,66.32,0,0,1,2,0.5,0,1,1,61,1,1,1,1,6,0,1,0,1,0,0,0,0,2
687,晓月苑一里 满五年唯一 南北通透 正规两居室,307,44301,1,69.3,0,0,1,2,0.5,0,1,1,61,1,1,1,0,6,0,1,0,1,0,0,0,0,2
688,鑫融皓月正规一居室，格局方正。,299,45930,0,65.1,0,0,0,2,0.5,0,1,1,61,1,1,1,0,6,0,1,0,0,0,0,0,0,1
689,商品房 满五年唯一 精装修 方正两居,335,41839,0,80.07,0,1,0,0,0.25,1,0,1,61,1,1,1,1,24,0,0,0,0,0,1,0,0,2
690,卢沟桥南里  南北通透  一层   满五唯一  明厨明卫,265,46590,0,56.88,0,0,1,1,0.333333333,0,1,1,61,1,1,1,4,6,0,1,0,1,0,0,0,0,2
691,满五年唯一，精装修两居室，双卧朝南，有车位,347,39450,0,87.96,0,2,0,0,0.5,1,0,1,61,1,1,1,1,22,0,1,1,0,0,0,0,0,2
692,晓月苑一里中楼层一居室，南北通透无遮挡，满五唯一,243,41948,0,57.93,0,0,1,1,0.5,0,1,1,61,1,1,1,0,6,0,1,0,1,0,0,0,0,1
693,沸城社区，满五唯一，精装修，楼层好，业主诚心出售,375,38617,0,97.11,0,2,0,0,0.666666667,0,0,1,61,1,1,1,1,25,0,0,0,0,0,1,0,0,2
694,满五唯一两居 带电梯 商品房 高楼层视野好 配套齐全,352,38500,0,91.43,0,1,0,0,0.25,1,0,1,61,1,1,1,2,24,1,0,0,0,0,0,0,0,2
695,五环内 晓月新苑 正规两居室出售,345,37875,0,91.09,0,2,0,1,0.5,1,0,1,61,1,1,1,1,22,1,0,0,1,0,0,0,0,2
696,晓月苑二里 正规两居室 诚心出售,288,40241,1,71.57,0,0,1,2,0.5,0,1,1,61,1,1,1,0,6,0,1,0,1,0,0,0,0,2
697,晓月苑五里 南向两居室 采光充足 业主诚心出售,339,37327,0,90.82,0,1,0,0,0.25,1,0,1,61,1,1,1,4,22,0,1,0,0,0,0,0,0,2
698,满五唯一 小两居 东南朝向高楼层 采光好视野好,236,44445,0,53.1,0,0,1,1,0.2,0,1,1,61,1,1,1,3,6,0,0,0,0,1,0,0,0,2
699,银海星月正规一居室，东南向，精装修，居住舒服,320,46465,0,68.87,0,0,1,2,0.25,0,1,1,61,1,1,1,1,6,0,0,0,0,1,0,0,0,1
700,晓月新苑 07年大一居 落地窗 采光好,285,40878,1,69.72,0,2,0,1,0.4,1,0,1,61,1,1,1,2,22,0,0,0,0,1,0,0,0,1
701,晓月苑五里 房子满五唯一正规两居室,365,40805,0,89.45,0,1,0,2,0.25,1,0,1,61,1,1,1,0,22,0,0,0,0,0,0,1,0,2
702,晓月新城 正规一居室 各个居室面积很大  周边配套齐全,280,40657,1,68.87,0,1,0,0,0.222222222,1,0,1,61,1,1,1,1,24,0,0,0,0,1,0,0,0,1
703,晓月苑二里 满五年商品房 东西朝向 中间楼层 诚意出售,272,38681,0,70.32,0,0,1,1,0.5,0,1,1,61,1,1,1,3,6,1,0,1,0,0,0,0,0,2
704,晓月新城，中楼层 ，视野开阔，诚心出售,185,45013,0,41.1,0,1,0,1,0.222222222,1,0,1,61,0,1,1,0,24,0,0,0,1,0,0,0,0,1
705,此房满五唯一。小户型，格局紧凑。，采光充足。,212,51708,0,41,0,1,0,1,0.222222222,1,0,1,61,0,1,1,2,24,0,0,0,1,0,0,0,0,1
706,此房满五唯一，房子采光充足，干净整洁。,220,53528,0,41.1,0,1,0,2,0.222222222,1,0,1,61,1,1,1,2,24,0,0,0,1,0,0,0,0,1
707,晓月新城小区  2006年商品房小区  带电梯,199,48419,1,41.1,0,1,0,1,0.222222222,1,0,1,61,1,1,1,1,24,0,0,0,1,0,0,0,0,1
708,高楼层，视野好，采光好，产权清晰，诚心出售,260,37260,0,69.78,0,0,1,1,0.5,0,1,1,61,1,1,1,3,6,0,1,0,1,0,0,0,0,2
709,晓月新苑 1室1厅 东南,290,41655,1,69.62,0,2,0,0,0.4,1,0,1,61,1,1,1,1,22,0,0,0,0,1,0,0,0,1
710,晓月苑二里两居室 精装修 高楼层,292,41637,0,70.13,0,0,1,0,0.5,0,1,1,61,1,1,1,2,6,0,1,0,1,0,0,0,0,2
711,东南朝向，满五年唯一，诚心出售,296,42541,0,69.58,0,0,1,1,0.25,0,1,1,61,1,1,1,1,6,0,0,0,0,1,0,0,0,2
712,晓月苑二里 东南向 采光好 明厨明卫,320,40425,0,79.16,0,0,1,0,0.25,0,1,1,61,1,1,1,2,6,0,0,0,0,1,0,0,0,2
713,晓月苑一里 正规两居室 拎包入住,257,32857,0,78.22,0,0,1,0,0.25,0,1,1,61,1,1,1,3,6,0,0,0,0,1,0,0,0,2
714,高楼层，视野好，采光好，产权清晰，诚心出售,300,42901,0,69.93,0,0,1,1,0.5,0,1,1,61,1,1,1,3,6,0,1,0,1,0,0,0,0,2
715,鑫融皓月 2室1厅 南 北,450,51464,1,87.44,0,0,0,2,0.5,0,1,1,61,1,1,1,0,6,0,1,0,1,0,0,0,0,2
716,南北向正规两居室 格局方正  环境干净整洁,258,44816,0,57.57,0,0,1,2,0.5,0,1,1,61,1,1,1,0,6,0,1,0,1,0,0,0,0,2
717,晓月苑五里 采光充足 业主诚心 随时签约,359,38038,0,94.38,0,1,0,0,0.25,1,0,1,61,1,1,1,2,22,0,0,0,0,0,0,1,0,2
718,晓月新城 2室1厅 西北,360,39375,0,91.43,0,1,0,1,0.25,1,0,1,61,1,1,1,0,24,0,0,0,0,0,0,0,1,2
719,晓月苑五里 中高层 三居室 采光好 视野好,398,38171,0,104.27,0,1,0,1,0.25,1,0,1,61,1,1,1,2,22,0,0,0,0,0,0,0,1,3
720,新月家园，低楼层，满五唯一，一居室，业主诚心出售,315,43175,0,72.96,0,0,1,0,0.25,0,1,1,61,1,1,1,1,6,1,0,1,0,0,0,0,0,1
721,晓月苑五里 正规三居室 业主诚售,440,37320,0,117.9,4,1,0,1,0.25,1,0,1,61,1,1,2,3,22,0,0,0,0,0,0,0,1,3
722,晓月苑五里 南北通透大三居室  正对公园,406,33987,0,119.46,0,1,0,1,0.25,1,0,1,61,1,1,2,2,22,0,1,0,1,0,0,0,0,3
723,南北通透，户型方正，五环内大三居，诚心出售,490,37982,0,129.01,0,2,0,3,0.666666667,0,0,1,61,1,1,2,1,23,0,1,0,1,0,0,0,0,3
724,晓月新苑 南向一居室  有电梯 满五年,268,42446,0,63.14,0,2,0,0,0.4,1,0,1,61,1,1,1,2,21,0,1,0,0,0,0,0,0,1
725,晓月新城一居室，视野开阔，采光充足。,280,50478,0,55.47,0,1,0,0,0.222222222,1,0,1,61,1,1,1,0,24,0,0,0,0,0,1,0,0,1
726,晓月新城 1室0厅 北,205,50000,1,41,4,1,0,0,0.222222222,1,0,1,61,0,1,1,2,24,0,0,0,1,0,0,0,0,1
727,新月家园 两室一厅 东西通透 配套成熟 看房提前联系,385,41358,0,93.09,4,0,1,1,0.25,0,1,1,61,1,1,1,3,6,1,0,1,0,0,0,0,0,2
728,晓月苑一里 满五唯一 诚心出售,245,45228,0,54.17,0,0,1,2,0.5,0,1,1,61,1,1,1,0,6,0,1,0,1,0,0,0,0,1
729,晓月新城两居室 精装自住户型方正,340,43017,1,79.04,0,1,0,0,0.222222222,1,0,1,61,1,1,1,1,24,0,0,0,0,0,1,0,0,2
730,新月家园 3室1厅 南 北,550,47715,0,115.27,4,0,1,2,0.333333333,0,1,1,61,1,1,1,1,6,0,1,0,1,0,0,0,0,3
731,满五唯一 双卧朝南 客厅朝南 不吵不闹,520,43029,1,120.85,4,2,0,1,0.666666667,0,0,1,61,1,1,2,0,25,1,1,0,0,0,0,0,0,3
732,晓月新苑 1室1厅 南,310,44993,0,68.9,0,2,0,2,0.5,1,0,1,61,1,1,1,2,22,0,1,0,0,0,0,0,0,1
733,沸城晓月七里八里优质大三居室诚心出售,550,42630,0,129.02,0,2,0,1,0.666666667,0,0,1,61,1,1,2,0,25,0,1,0,1,0,0,0,0,3
734,卢沟桥南里 南向两居室 业主诚心出售,268,46886,0,57.16,4,0,1,1,0.333333333,0,1,1,61,1,1,1,2,6,0,1,0,0,0,0,0,0,2
735,晓月八里  业主诚心出售   随时可以签合同,370,39350,1,94.03,0,2,0,0,0.666666667,0,0,1,61,1,1,1,0,18,0,1,0,0,0,0,0,0,2
736,晓月新城 正规一居室 各个居室面积很大 周边配套齐全,290,42109,0,68.87,0,1,0,2,0.222222222,1,0,1,61,1,1,1,3,24,1,0,0,0,0,0,0,0,1
737,新月家园 一室一厅出售 中间楼层 采光好 诚心出售,275,42140,0,65.26,0,0,1,1,0.333333333,0,1,1,61,1,1,1,1,6,0,0,0,0,0,0,1,0,1
738,满五年唯一 2007年商品房 带电梯 好楼层 随时签约,350,40807,0,85.77,0,2,0,0,0.25,1,0,1,61,1,1,1,0,22,0,0,0,0,1,0,0,0,2
739,卢沟桥全南向小两居，格局合理，适合刚需,230,46269,0,49.71,0,0,1,2,0.333333333,0,1,1,61,1,1,1,3,5,0,1,0,0,0,0,0,0,2
740,五环内 大两居 满五唯一 格局通透,390,36242,0,107.61,4,2,0,2,0.25,1,0,1,61,1,1,1,1,22,1,0,1,0,0,0,0,0,2
741,卢沟桥南里小区  正规三居室  户型方正,310,45177,0,68.62,4,0,1,1,0.5,0,1,1,61,1,1,1,2,6,0,1,0,1,0,0,0,0,3
742,银海星月  一层  正规一居  满五年唯一,290,48181,1,60.19,4,0,1,3,0.25,0,1,1,61,1,1,1,4,6,0,1,0,1,0,0,0,0,1
743,晓月苑三里 满五年唯一  东西通透两居室,290,42554,0,68.15,0,0,1,1,0.5,0,1,1,61,1,1,1,2,6,1,0,1,0,0,0,0,0,2
744,满五唯一  南向    电梯房   看房随时 带两个车位,360,40355,0,89.21,0,1,0,1,0.222222222,1,0,1,61,1,1,1,0,24,0,1,0,0,0,0,0,0,2
745,晓月苑五里 业主随时签约 南北朝向,405,33903,0,119.46,0,1,0,0,0.25,1,0,1,61,1,1,2,1,22,0,1,0,1,0,0,0,0,3
746,五环内 南北通透两居 带电梯 低楼层无遮挡 采光充足,425,38368,0,110.77,0,2,0,0,0.5,1,0,1,61,1,1,1,1,22,0,1,0,1,0,0,0,0,2
747,卢沟桥 南北通透 双阳台 两居室,263,47192,0,55.73,0,0,1,2,0.333333333,0,1,1,61,1,1,1,3,5,0,1,0,1,0,0,0,0,2
748,房子中间楼层，南北通透，客厅带窗户，精装修,206,36268,0,56.8,0,4,1,0,0.333333333,0,1,1,18,1,1,1,0,6,0,1,0,1,0,0,0,0,2
749,珠光逸景二期 中间楼层 南北通透两居室 电梯房,305,38973,0,78.26,0,0,0,0,0.333333333,0,0,1,18,1,1,1,0,5,0,1,0,1,0,0,0,0,2
750,长辛店东山坡一里南北通透两居室，通风采光好布局合理,203,32690,0,62.1,0,0,1,1,0.5,0,1,1,18,1,1,1,2,6,0,1,0,1,0,0,0,0,2
751,满五年唯一 商品房带电梯 南向两居落地窗 靠谱出售,305,38953,1,78.3,0,0,0,1,0.5,0,0,1,18,1,1,1,2,6,0,1,0,0,0,0,0,0,2
752,汤泉墅  正规两居室，南北通透，诚心出售,335,36874,1,90.85,0,0,0,1,1,0,2,1,18,1,1,1,4,6,0,1,0,1,0,0,0,0,2
753,珠光逸景二期，低楼层朝南向，花园洋房，满五唯一,196,35348,1,55.45,0,0,0,1,1,0,1,1,18,1,1,1,4,6,0,1,0,0,0,0,0,0,1
754,汤泉墅中间楼层，  正规精装三居室，满五唯一,310,31763,0,97.6,0,0,1,0,0.333333333,0,1,1,18,2,1,1,0,6,0,1,0,1,0,0,0,0,3
755,花园洋房 中间户 格局方正 南北朝向自住精装 可签约,778,41243,0,188.64,0,0,0,0,0.5,1,0,1,18,2,1,3,0,5,0,1,0,1,0,0,0,0,4
756,《店长推荐》北京山语城 次顶层 独立电梯入户南北通透,515,37292,0,138.1,0,0,0,1,0.5,1,0,1,18,2,1,2,2,6,0,1,0,1,0,0,0,0,3
757,东山坡三里 满五唯一 视野好 业主诚心出售,279,26947,0,103.54,0,0,1,0,0.5,0,1,1,18,2,1,1,2,6,1,0,1,0,0,0,0,0,2
758,玉皇庄南向一居 满五唯一 次顶层 采光充足 有钥匙,162,35985,0,45.02,0,0,1,2,0.333333333,0,1,1,18,1,1,1,2,6,0,1,0,0,0,0,0,0,1
759,张郭庄小区两居室南北通透 中楼层,203,35740,0,56.8,0,4,1,1,1,0,1,1,18,1,1,1,0,6,0,1,0,1,0,0,0,0,2
760,卢西嘉园 南北通透一居室 看房方便 低楼层 采光好,240,36453,0,65.84,0,0,0,0,0.5,2,1,1,18,1,1,1,1,6,0,1,0,1,0,0,0,0,1
761,六层洋房社区。高楼层视野好，小区绿化好。满五唯一,285,29364,0,97.06,0,0,1,1,0.333333333,0,1,1,18,2,1,2,3,6,0,1,0,1,0,0,0,0,3
762,臻心推荐--领秀翡翠山顶层复式结构好房，视野开阔,620,41667,0,148.8,1,0,0,3,0.5,1,0,1,18,3,1,3,2,7,0,1,0,1,0,0,0,0,5
763,珠光逸景二期，全南向两居室，业主诚心出售,300,37342,1,80.34,0,0,0,0,0.25,0,0,1,18,1,1,1,1,6,0,1,0,0,0,0,0,0,2
764,南向两居，采光足，明厨明卫，房龄新,162,27660,0,58.57,0,0,1,0,0.333333333,0,1,1,18,1,1,1,3,6,0,1,0,0,0,0,0,0,2
765,南宫雅苑一期满五唯一，南北通透，低楼层,308,35072,0,87.82,0,0,1,1,0.5,0,1,1,18,2,1,1,1,6,0,1,0,1,0,0,0,0,2
766,汤泉墅1-1-1-1  67.42平 满五唯一,238,35302,1,67.42,0,4,1,0,0.5,0,0,1,18,1,1,1,4,6,0,1,0,0,0,0,0,0,1
767,高楼层，满五唯一，无抵押无贷款诚心出售两居室,180,28365,0,63.46,0,0,1,1,0.5,2,2,1,18,1,1,1,2,6,0,1,0,0,0,0,0,0,2
768,房子南北通透格局好，采光好，落地飘窗。,425,47561,0,89.36,0,0,0,1,0.5,0,0,1,18,2,1,1,4,15,0,1,0,1,0,0,0,0,2
769,商品房三居室 落地窗采光充足 视野开阔 洋房带电梯,350,38040,1,92.01,0,0,0,0,0.25,0,0,1,18,1,1,1,2,6,0,1,0,0,0,0,0,0,3
770,南北通透 精装修 低楼层 拎包即住,230,37381,0,61.53,0,0,1,0,0.333333333,0,1,1,18,1,1,1,1,6,0,1,0,1,0,0,0,0,2
771,建设三里 2室1厅 南 北,186,27055,0,68.75,0,0,1,2,0.333333333,0,2,1,18,1,1,1,2,6,0,1,0,1,0,0,0,0,2
772,南北通透的三居室 好格局 居住舒服,330,34552,1,95.51,0,0,1,0,0.25,0,1,1,18,1,1,1,2,6,0,1,0,1,0,0,0,0,3
773,店长推荐优质大两居室业主诚心出售,325,33454,1,97.15,3,0,2,0,0.25,0,1,1,18,1,1,1,2,6,0,1,0,1,0,0,0,0,2
774,园博嘉园南北通透电梯房人车分流,419,45574,0,91.94,0,0,0,2,0.5,0,0,1,18,1,1,1,3,15,0,1,0,1,0,0,0,0,2
775,花园北里 2室1厅 南 北,195,31007,0,62.89,0,0,1,1,0.333333333,2,1,1,18,1,1,1,2,6,0,1,0,1,0,0,0,0,2
776,中体奥林匹克花园小区二期  南北向正规两室,530,45999,0,115.22,0,0,0,2,1,1,0,1,18,1,1,2,4,6,0,1,0,1,0,0,0,0,2
777,丰台区 南北通透 两居室 满五年唯一 业主诚心出售,268,33116,0,80.93,0,0,1,2,0.25,2,1,1,18,1,1,1,0,6,0,1,0,1,0,0,0,0,2
778,东山坡一里 正规2居室 低楼层 配套完善 交通便利,165,31616,0,52.19,0,0,1,1,0.25,0,1,1,18,1,1,1,4,6,1,0,0,0,0,0,0,0,2
779,崔村一里 南北通透 两居室 满五唯一,190,32330,0,58.77,0,0,1,1,0.333333333,0,1,1,18,1,1,1,3,6,0,1,0,1,0,0,0,0,2
780,园博嘉园小区，楼龄新，诚心出售，小区环境好,470,45306,0,103.74,0,1,0,1,0.5,0,0,1,18,1,1,2,4,15,0,0,0,1,0,0,1,0,2
781,领秀翡翠山--好位置，中楼层，四室两厅三卫户型,790,42417,0,186.25,0,0,0,3,0.5,1,0,1,18,2,1,3,0,5,0,1,0,1,0,0,0,0,4
782,珠光逸景二期 南北通透三居 小区人车分流 6层带电梯,375,41047,1,91.36,1,0,0,2,0.25,0,0,1,18,1,1,1,3,6,0,1,0,1,0,0,0,0,3
783,满五年唯一，格局方正，全明三居。,205,31783,0,64.5,0,4,1,3,0.5,2,1,1,18,1,1,1,3,6,0,1,0,1,0,0,0,0,3
784,燕西华府联排别墅，业主诚意出售！,1690,37904,0,445.87,1,4,0,3,2,1,0,1,18,3,1,5,4,3,0,1,0,1,0,0,0,0,6
785,精装修 南北通透三居室 满五唯一 全明格局,485,35001,0,138.57,4,0,0,2,0.5,1,1,1,18,2,1,2,0,6,0,1,0,1,0,0,0,0,3
786,复式结构，楼上空间不计房本面积，楼下是四居室,950,45127,0,210.52,1,0,0,3,0.5,1,0,1,18,2,1,3,3,5,0,1,0,1,0,0,0,0,4
787,小区环境好，人车分流，新风系统恒湿恒温的科技住宅,1080,74146,0,145.66,0,0,0,2,0.5,0,2,1,18,2,1,2,2,15,0,1,0,1,0,0,0,0,4
788,长馨园 南北通透两居 电梯房中间层 无抵押 无户口,268,34828,0,76.95,0,2,0,1,0.25,1,0,1,18,1,1,1,2,16,0,1,0,1,0,0,0,0,2
789,汤泉墅 3室1厅 南 北,480,41721,0,115.05,0,0,1,2,0.333333333,0,2,1,18,1,1,2,3,6,0,1,0,1,0,0,0,0,3
790,崔村一里小区 南北向正规两居室 格局方正,289,34405,0,84,0,0,1,1,0.5,2,2,1,18,1,1,1,0,6,0,1,0,1,0,0,0,0,2
791,中体奥林匹克花园三期 联排随时可看,920,36708,0,250.63,4,0,0,0,0.090909091,1,1,1,18,2,1,3,4,3,0,1,0,1,0,0,0,0,4
792,随时可以签合同  业主诚心出售,268,46375,0,57.79,0,1,0,1,0.5,0,0,1,18,0,1,1,1,15,0,0,0,0,1,0,0,0,1
793,北京山语城 精装修 诚意出售 看房提前约,450,38446,0,117.05,0,0,0,0,0.5,1,0,1,18,2,1,2,1,6,0,1,0,1,0,0,0,0,3
794,臻心推荐--一层带地下室的复式结构，好位置,1320,59310,0,222.56,1,0,0,3,0.5,1,0,1,18,2,1,3,4,4,0,1,0,1,0,0,0,0,4
795,电梯洋房精装修，南北通透全明格局，满五年唯一,525,35273,0,148.84,0,0,0,0,0.5,1,0,1,18,2,1,2,1,6,0,1,0,1,0,0,0,0,3
796,领秀翡翠山 精装修四居室 户型方正 满五唯一,769,41409,0,185.71,0,0,0,0,0.166666667,1,0,1,18,2,1,3,0,6,0,1,0,1,0,0,0,0,4
797,长青路88号院 南北通透 精装修,630,41714,0,151.03,1,0,0,1,0.5,1,0,1,18,1,1,3,3,6,0,1,0,1,0,0,0,0,5
798,玉皇庄小区  低楼层  出行便利 诚心出售,240,48097,0,49.9,0,0,1,0,0.5,0,1,1,18,1,1,1,4,6,0,1,0,0,0,0,0,0,2
799,本房满五年唯一  格局方正 采光充足,300,30172,0,99.43,0,0,1,1,0.5,0,1,1,18,2,1,1,0,6,1,0,1,0,1,0,0,0,2
800,扶轮胡同 2室1厅 南 北,168,34497,1,48.7,0,0,1,2,1,0,1,1,18,1,1,1,4,5,0,1,0,1,0,0,0,0,2
801,领秀*翠墅少有的客厅朝阳，三个卧室朝阳的户型,550,36998,0,148.66,0,0,0,3,0.5,1,0,1,18,2,1,2,2,6,1,1,0,1,0,0,0,0,3
802,东山坡三里  辛佳小镇 东西通透 满五年唯一,300,28986,0,103.5,0,0,1,1,0.5,0,1,1,18,1,1,1,1,6,1,0,1,0,0,0,0,0,2
803,中体奥林匹克花园三期优质四居室南北通透叠拼,900,42950,1,209.55,1,0,0,0,0.666666667,1,0,1,18,3,1,3,0,6,0,1,0,1,0,0,0,0,4
804,珠光逸景一期  南向精装一居室 可做两居室 环境好,195,35167,0,55.45,0,0,0,0,0.25,0,2,1,18,1,1,1,0,6,0,1,0,0,0,0,0,0,1
805,满五唯一     南北通透  满五年,375,43524,0,86.16,0,0,1,1,0.5,0,1,1,18,2,1,1,4,5,0,1,0,1,0,0,0,0,3
806,中体奥林匹克花园三期 大四居 南北通透 叠拼户型,930,43821,0,212.23,1,0,0,0,1,1,0,1,18,3,1,3,0,6,0,1,0,1,0,0,0,0,4
807,中体奥林匹克花园三期 精装修南北大四居一 叠拼别墅,763,35454,0,215.21,1,0,0,1,0.5,1,0,1,18,3,2,3,0,6,0,1,0,1,0,0,0,0,4
808,中体奥林匹克花园一期  正规3居室 南北朝向低楼层,486,35295,0,137.7,0,0,0,1,0.5,1,1,1,18,2,1,2,1,6,0,1,0,1,0,0,0,0,3
809,近览小区全景，远眺西山晚霞，好房诚意出售,580,39076,0,148.43,0,0,0,3,0.5,1,0,1,18,2,1,2,1,6,1,0,1,1,0,0,0,0,3
810,花园洋房，温泉入户，自带地暖，毛坯房,385,41230,0,93.38,0,4,1,3,0.5,0,0,1,18,1,1,1,3,6,0,1,0,1,0,0,0,0,2
811,北京山语城  一层下跃 39.4平下沉庭院 精装修,700,58607,1,119.44,1,0,0,0,0.5,0,0,1,18,3,1,3,4,6,0,1,0,1,0,0,0,0,5
812,臻心推荐--领秀*翠墅一层带地下室的精装好房,1600,71891,0,222.56,4,0,0,0,0.5,1,0,1,18,3,1,3,4,4,0,1,1,1,0,0,0,0,6
813,店长推荐 北京山语城 顶层复式 精装修 诚心出售,750,47111,0,159.2,1,0,0,1,1,1,2,1,18,3,1,3,3,6,0,1,0,1,0,0,0,0,4
814,联排别墅，没有装修过可以随意装修,1299,35217,0,368.86,1,4,3,3,1,2,0,1,18,3,1,4,4,3,0,1,0,1,0,0,0,0,5
815,南宫雅苑二期顶层大平南北三居室业主诚心出售,480,29935,0,160.35,1,0,1,1,0.333333333,0,1,1,18,1,1,2,3,6,0,1,0,1,0,0,0,0,3
816,心推荐--燕西华府的下叠别墅，位置好，诚意出售,1050,43005,0,244.16,1,4,0,3,0.25,1,2,1,18,2,1,3,4,4,0,1,0,1,0,0,0,0,4
817,联排别墅 东边户型 满五年唯一 诚心出售,890,49218,0,180.83,1,4,0,0,0.333333333,1,0,1,18,2,1,3,4,3,0,1,0,1,0,0,0,0,3
818,臻心推荐--领秀*翠墅好位置、好楼层、好装修、好房,920,40545,0,226.91,0,0,0,0,1,1,0,1,18,2,1,3,0,4,0,1,0,1,0,0,0,0,4
819,园博嘉园小区，南北向三居室，带电梯,635,46906,0,135.38,0,0,0,2,1,0,0,1,18,2,1,2,2,18,0,1,0,1,0,0,0,0,3
820,领秀翡翠山--大复式，换房诚意出售,950,44660,0,212.72,1,0,0,1,0.25,1,0,1,18,3,1,3,3,4,0,1,0,1,0,0,0,0,5
821,汤泉墅 正规一居室 满五唯一 好位置,220,42480,0,51.79,0,0,1,0,1,0,0,1,18,1,1,1,1,6,0,1,0,1,0,0,0,0,1
822,珠光逸景一期 2室1厅 南 北,285,37789,0,75.42,1,0,0,2,0.5,0,2,1,18,1,1,1,3,6,0,1,0,1,0,0,0,0,2
823,三阳开泰户型，明卫，电梯厅外有多功能间，有地下室,580,41760,0,138.89,0,4,0,0,0.5,2,2,1,18,2,1,2,0,5,1,1,0,1,0,0,0,0,3
824,领秀*翠墅 一层 采光好 通透大户型,835,56086,0,148.88,0,0,0,3,0.5,1,0,1,18,2,1,2,4,6,1,0,1,0,0,0,0,0,3
825,格局方方正正  六层的板楼  看房方便,199,28758,0,69.2,0,0,1,2,0.25,0,1,1,18,1,1,1,3,6,1,1,1,0,0,0,0,0,3
826,珠光逸景二期 3室1厅 南 北,309,34495,0,89.58,0,0,0,1,0.5,0,0,1,18,1,1,1,4,4,0,1,0,1,0,0,0,0,3
827,本房南北通透，通风效果好，居住舒服。,467,37894,0,123.24,0,0,0,1,0.5,0,0,1,18,1,1,2,4,6,0,1,0,1,0,0,0,0,3
828,长馨园 南北通透 高楼板楼 带电梯,245,34338,0,71.35,0,2,0,3,1,1,0,1,18,1,1,1,0,16,0,1,0,1,0,0,0,0,2
829,园博嘉园西区 南北通透三居室 满两年诚心出售,650,46559,0,139.61,0,0,0,3,0.5,0,0,1,18,2,1,2,1,14,0,1,0,1,0,0,0,0,3
830,一天没住过的次新房，诚意出售，随时可看房,590,48544,0,121.54,0,0,0,0,0.5,0,0,1,18,2,1,2,1,6,0,1,0,1,0,0,0,0,3
831,园博府 科技住宅 物业管理好 高品质 南北通透户型,768,54865,0,139.98,0,0,0,0,1,0,0,1,18,2,1,2,2,18,0,1,0,1,0,0,0,0,3
832,园博嘉园 南北通透中楼层两居室 诚心出售,455,50595,0,89.93,0,2,0,1,0.5,0,0,1,18,2,1,1,0,15,0,1,0,1,0,0,0,0,2
833,满五年唯一，低楼层，精装修，采光充足,265,39814,0,66.56,0,0,1,0,0.333333333,0,1,1,18,1,1,1,1,6,0,1,0,1,0,0,0,0,3
834,中体奥林匹克花园一期 2室2厅 南 北,405,39792,0,101.78,1,0,0,1,0.5,1,1,1,18,2,1,2,3,6,0,1,0,1,0,0,0,0,2
835,2006年板楼，温泉入户，优质复式，随时签约,389,32534,1,119.57,1,0,1,1,0.25,0,1,1,18,2,1,2,3,6,0,1,0,1,0,0,0,0,3
836,臻心推荐--别墅区里的洋房，地下室楼层3.1米，敞亮,949,53921,0,176,1,0,0,0,0.5,1,0,1,18,2,1,3,4,4,0,1,1,1,0,0,0,0,5
837,杜家坎小区南北通透两居室户型方正,197,33849,0,58.2,0,0,1,1,0.5,0,1,1,18,1,1,1,2,6,0,1,0,1,0,0,0,0,2
838,丰台区商品房大三居，南北通透，采光充足,335,33608,0,99.68,0,0,0,2,0.5,0,1,1,18,1,1,1,3,6,0,1,0,1,0,0,0,0,3
839,燕西华府平层3居室 业主自住精装修 满2年,620,44640,0,138.89,0,4,0,0,0.5,2,2,1,18,2,1,2,0,5,0,1,0,1,0,0,0,0,3
840,丰台区 东山坡一里  两居室 业主诚心出售,199,34730,0,57.3,0,0,1,1,0.25,0,1,1,18,1,1,1,3,6,0,0,0,0,1,0,0,0,2
841,正规两居室 满五年唯一  南北通透诚心出售,155,24352,0,63.65,0,0,1,0,0.5,2,1,1,18,1,1,1,1,6,1,1,0,1,0,0,0,0,2
842,花园洋房 环境优美 人车分流   业主诚售！,317,34416,0,92.11,0,0,0,0,1,0,0,1,18,1,1,1,4,7,0,1,0,1,0,0,0,0,3
843,楼层好，满五年唯一，小区安静，方便老人小孩上下楼,220,36728,1,59.9,0,0,1,1,0.5,0,1,1,18,1,1,1,1,6,1,0,0,1,0,0,0,0,2
844,燕西华府 有68.4平的花园 下跃户型 毛坯 地下有采光井,890,31916,0,278.86,1,4,3,3,1,0,0,1,18,2,1,3,4,6,0,1,0,1,0,0,0,0,4
845,建设二里 2室1厅 南,170,31523,0,53.93,0,4,1,2,0.5,2,2,1,18,1,1,1,2,6,0,1,0,0,0,0,0,0,2
846,张郭庄小区 2室1厅 南 北,300,38601,0,77.72,0,4,1,2,0.5,0,1,1,18,1,1,1,4,6,0,1,0,1,0,0,0,0,2
847,汤泉墅 上跃户型 三居 满五唯一,313,35772,0,87.5,1,0,1,0,0.5,0,1,1,18,1,1,1,3,6,0,1,0,1,0,0,0,0,3
848,张郭庄小区 精装修  低楼层  南北通透两居,280,43411,0,64.5,0,4,1,0,1,2,1,1,18,1,1,1,1,6,0,1,0,1,0,0,0,0,2
849,长辛店东山坡二里16号楼满五唯一住房精装修业主诚心卖,225,35653,0,63.11,0,0,1,0,0.333333333,2,2,1,18,1,1,1,3,4,0,1,0,1,0,0,0,0,3
850,珠江御景三居室全明格局南北通透楼层好视野佳,465,33456,0,138.99,0,4,1,0,0.5,0,2,1,18,2,1,2,3,6,0,1,0,1,0,0,0,0,3
851,永兴里 满五唯一，南北通透，明厨明卫，全明格局,275,30549,0,90.02,0,0,1,1,0.25,2,1,1,18,1,1,1,2,6,0,1,0,1,,,,,
